USERID,OBJID,RATING,REGION
S156HzsEW-BjCfzu0xLe9A,ImU8asw-7e_9sZoDc2lzXA,2,4
gAH0POhe-xwkH_wmXF1tYw,InpTA6-ErH8JVwTKsbWNZA,5,4
oEshN5oq98_g23MvEnRc5A,CDbtT91FYGMRFiAMYTE-uQ,4,0
NLX7OC9XpCSzlOBMG_lmeQ,12sLUp6XxjHPYf12j1IOqQ,4,5
Tjv5bBtJ-Z_CLiY-rheG2g,AfQjI9Wbu6_Hzy2b3e7JLw,4,5
7N0HO20l5hDb1m4JsUDlpg,aIZQF2UCLv6ru-zsPK4H2Q,5,1
7vsMC2RndD2WertWHA5GJQ,XmgdFa3G_CZVfjtQEJMZfQ,4,5
DBHCFW3mSmmOEpONHVu1rQ,BYNPZf2RPFrqVvjBlwfZOw,4,5
fuux76suMAhWIpwQdNqIWg,doX6YraMmCimqAhnQR2mYA,5,4
f5AzyVdIDASkl8kAJSZq7Q,VG-ceXs6jg_gZ5R7gfkTxQ,1,4
n9RM5dQs7DEbUNZR2AAPVw,SSfNzgqA-3cbM7aWK-4nDw,5,11
Eyw6XT1bFo_vKpFfIcuAag,7YJrRufp-0tlNnihJy-Xeg,5,4
G8M4H_3OwVYld36Xrzu_Bg,RK5YJ01Rla3nLOTe7JPktA,4,8
MJKg_Z3Ba0GyEjDgTGmX8g,Gpr3RKvXXH5aa2XfXRwscA,4,5
GTcKUjRulTRN_XxehMgSZQ,04jtcZLxvrFOi_G9ElWYtQ,3,4
5JNgIiiVVXClwS6ut_Z9rg,KXfhB9wkyycKBi3BZ7On5A,5,12
kKXjr2cCjPMQoX0OiB6XRA,EozORgWFUCiiMfIjnKxhXg,4,3
gKvhQ1I3pJWdtDNNMllhdg,SaI-99XOm7LMStUrjyG4jw,1,5
o0WGr8L3BWfH2Bslpnqw6g,5-1zA-TaCUeDa74uzXl78A,4,0
O4jEU1IsyccHMLZnOhkpzA,TCEOq0IoCW76Z7J9jwED9g,1,4
135DbbQnr3BEkQbBzZ9T1A,Mf1tLeJhoab7fN2r7rGB7g,3,9
2m2MNnlOdofofmUs-hYTJQ,aZG9Hp8fdgzq37iuB1QTYg,5,6
9nUtGoOnZMPlZdUQV_aqTA,E0hjQKyw3IRaVsyayTPr7w,3,0
CTaZ3ebFGQMHaLZhnO2EuA,wWCID-HxH2wITPDIqghuiQ,4,2
zIOxNinC6ofIwwGjO9rUWg,XIg92ukZJn_1aiNx0OmusQ,5,8
U83weFx8vCDw7zYO-4FeWA,--SrzpvFLwP_YFwB_Cetow,4,5
S-o3iFv-AFdgE4FXNMJ1Kw,C14bjKs2rJhRDnKu7ZSSIg,4,12
_n1EYl_LwS4Do1JLJX8VdQ,mUeJYYxV0FbIFEHq2dtIhw,3,12
L8P5OWO1Jh4B2HLa1Fnbng,_miMpqv-9ay174DfRopwpg,3,4
uRcZURC3ituvPT0en9l3xA,GiDPLKtTfNHTb0koEWIz2g,1,1
peVsgFj0qa8SErmzIDM0lg,w_UCGMgok7N9p0XdYBx1VQ,3,9
_jYEC7fvqTxu5R2jhk_NDQ,o0c4waS2vQG2LqLaTCwZDA,5,12
yxplUTyzTXGz0Fj1doXWcA,VecnSuJm8sD83LWJ_KqAtg,1,0
jnB_saJqNfOmVoCWquhAzg,pw_YJMxkqEdXGI549TriAA,4,15
SlgpAnj2gQd44EM_Uq6DkQ,9bfuS3rmaLUgElvmbMy30w,2,6
_A8CO1V40LPIkXqE-LTYTg,Xx_bvAVlMw8ggBN8gNuugg,5,5
NLX7OC9XpCSzlOBMG_lmeQ,2auigv5pF08RjJ8CL1dIVw,4,5
P9wWG8KKmYeb7cqSd5BdjQ,5Jgwr84zJyNWuqyWVPXCFw,4,0
CaaGjAM1yL_t4yhNLD3f_g,1bkp1NeTw5yg3hTsldkoPA,4,5
6jz_Yr6_AP2WWLbj9gGDpA,lhWpC9uGAyFus5BQYsyL6g,5,12
R7dm_9m_OrlMOZpfU2Dk9A,G9U-dJNiCfhelEeFgHCFVg,2,5
53bZ_EsXH71L7iFs5MP9_w,4uiijOUDzc-DeIb2XcKW_A,2,4
HQPh8nKNdn1jLRfiAWdu6Q,PQQQKu5lD8F0Rg9MxrGcgQ,4,4
bpumXJ7CDR8-Ap9HBYmgSA,tShJjONEucuIVvkBmEHu5Q,5,1
KdUAqW58EwaA-gZ4Me1W9A,koWjyPEroRzW4QvlwsBgUw,4,5
oGQnKOBNrwERM-MLLfpyGA,8R_oemw4rNjJL6sd40O_oQ,4,11
1DsuFRjdW0gDA23Xswzoqg,TIqOCRMRVjZ2zukO93axdQ,3,1
6pDCqee5g6jFB402L15kmg,HCwpeRZENHXOGIbKemOxeQ,4,5
qpcEm7kP20JGc0yreXmeTg,gRPDzmMU_0pQo7LyxrZ2Lg,2,9
H5TEwR-OD0XxILGNaewohA,7dFgaA_Bu1yvs42mDmjRAA,5,0
Ck3-SikwEb0U9G7RKh-O_w,CUgRXXf5UQVqj0DudnrT5A,5,1
zyFN0KU7Y9MfTZIROrsKhA,MZRqxvBkJLjKcoOjNz7yLA,3,4
pw1Ss8M2_uiFfH4xDyKjtA,LVKdUEcnFAPuLsfD_ahlRw,5,0
2nE0zU6y_F7gkwHi3yL6cQ,DgZ-pZUo3drzpiCDlDr9IQ,4,1
WFYg4CL8ZIeeQ-N9m31EOA,BxCzy1WOVxOrr_G7V4BIvg,4,5
QqlV0GQ4HYjj5Uw81nzBaQ,W4C1F5U42BjMeosDHnJ7Mw,3,5
dLVbAwlJXh0KwAJ0hM3gww,5zDP3Y2hdh6GJL9DVbQ2KA,5,4
4UQfst9jve4GCSfWpWn2uA,AE7q6_m187u6jhbfRipcJw,3,0
jlu4CztcSxrKx56ba1a5AQ,sRdtwkUUfLqwmRGoMtguvQ,5,5
ENiL4oCOhEN8BPoH_ABlLw,TZmMsbw5TbRqv8rmKj_aGg,5,6
1TJNKEl2k3NuMLICvjJdUA,CxxAzUN3J38UTZB6MyGB3Q,4,9
Kgxvv4DFWimTD3DlBhjbmw,-AqHQuD1JQBz4lUp2JRhvg,5,2
B7MAJ5WzAlnrIJZTPqmVoA,N4BbeIbQNgtUEEMutu9U3w,4,4
4PFwh5zbgyPhTGRtxkSZZA,PZ3qgjUMg8akZaP0CssYNA,4,4
3XDGNCH155seEXyEQPMi_w,GnDBpY-eqo35HtbCXaObfA,4,0
HBBv6M03xLEGmM-HYztQUg,LdIbT7-juPbdCXiCesV2gQ,2,15
U5XTWZj3Pgf730kOmL6qyA,BqTx8ZI3TaRyw-xYCE--OQ,5,0
i6nzTfZ8TRckJOGgZIpr5Q,qeJ8OUASkd0KQ1oEN3P--w,5,2
0tvCcnfJnSs55iB6mqPk3w,hRN4otcEsRO7O-EfFe0FYQ,4,4
6rGVoAI0Bl8ZEbMNJWOK3w,FB_dGtCcs59OlD_ptpMIlg,4,11
waN6iwcphiVEoCews4f4CA,DDgv4aKw2fo_BUumhNtRmQ,5,4
S84mUyQA14a4SLv6a8Lzaw,QJB0dqY_muOS8xCQd1SyvQ,5,8
u_wqt9RshdZsoj8ikLqoEQ,h-zsZBu2t3FfQaM9r-13kw,5,4
VydRAOyNlX2sm3v_s4oivg,DnJ5i7-SZRJ6X5ZGWCI36Q,5,8
jY-M01vatSmfy-mK_g0h9A,B33pyRg6kVCQSE5m11R9gw,4,0
VpqKcpEq2rgoS7Jlb_Aj1Q,2iTsRqUsPGRH1li1WVRvKQ,5,4
mE1s4m1_vaVPY-pMu7gHvw,AzYkEcENi7I1DsR2iushEg,5,11
93sq_DjYULPMD1HyhM5klw,Yk-M1qkLN_QNHUhxBtO4bw,4,5
dwFgmKO-PzJalyHDSGAT8A,ILpHHOfCvUa8MnaqELX-YA,4,5
Ut6Dl8A5THMkiB-fyq74zA,QEJgZqn_jYMvmkHaY8NKVg,4,9
KPY6FvT6h-r0W0HAC1Buag,BDu2NoWOtMaIMMU_VpjNIg,4,0
HPJ0yhq0xnrUl5CauF9kzw,7uQgityqvjoJI-T5ZHSGag,5,3
5Dz7v94NbI3UfbVLukrtpQ,9uFvJtN68vVFRLF4eOB9xw,5,5
EgotOxec2MuH4xvIv_KRIA,8naMr4xOmJAkIrSGjy9IPg,3,5
SygwXJI8crPvG7owdPSeDA,GXdnO7m8X4tjVl7MXHgN4g,2,4
_ydMM3RQ9aC_u6Rnso4LmQ,h5a8aJ_Pd71JzUGFA-IaAg,4,4
5iY-NZMtjkZcAZjh-2B3dA,WoLGuuAdU1W-0eMgKVm8Dw,5,5
xDl9ZF3SckkZde_48W6WeA,Xr33-xmuzXS_YOojBwYZZg,5,6
J_YUW5WkPmf8UCnQyoSjkA,Pw2gZg0DgqC-Te9JWKIAFw,2,11
oc3u68ugJlAP__025Ji2fw,bHaeNpSaM4uJgJFMaCJ_wQ,5,11
CbUaIQ30oeBIK4cXEhr6IA,GZ_8-gCKKx3n31WTMmQeXQ,5,4
Tsm8VraTp5OGyVALtUiCeQ,2Z59ijv2HXwcYfAQSbAvyQ,3,1
2U5VJvQ17FtB0wAmpaMowA,DgZ-pZUo3drzpiCDlDr9IQ,4,1
_-gnSzjvS0lAwuvpUdJoyA,AVF87C3Z2kkS-Ct7Mely9Q,3,6
-tnodf38uCXjogMhZtcWxw,2iTsRqUsPGRH1li1WVRvKQ,4,4
SxMBY64n31UHPjxzIastUg,koWjyPEroRzW4QvlwsBgUw,5,5
WlL5xRcG2paD6XGuACXmhA,a76SwwCXPZ7sIy3FkX-rxw,4,6
YKx4wqrFxNS1TexLQ9HB7Q,1gZQHfQgePCuLiwBBJcwgw,5,11
UvIb5v3biEgcxWKnxf0ocg,J6n-P8InsDe8dGf5TC1bXw,4,0
KdUAqW58EwaA-gZ4Me1W9A,DiCMYxT69I22-1nfsvYAJQ,5,5
hWDybu_KvYLSdEFzGrniTw,7xvbhxambsLPJ5ZqaSNxtw,4,6
3o8c_R-Kv5UOoXXuMEOZAw,O3OH5IEFMPtz7mPKakPZ3Q,5,4
6Ki3bAL0wx9ymbdJqbSWMA,e0blPZYr39r3ohUDFA-MnQ,3,9
QJI9OSEn6ujRCtrX06vs1w,U8I4TXUly-Ti1j9sbTEMUg,3,11
969cB0u7sZHkmpZtoecZPA,XJN3OhXLBDa8zAqdi21FFQ,4,1
kjeX2RXvW7RhBbD2QLd5jA,uoZwJJaplLsktVrRw0JiQw,3,1
m2vjSXdfs19kNnqUUpAmOQ,N9BN9ldVl1FNzcB9_eAstw,5,4
veRNLv6_8QSJXFnKwQaexw,lXoJQpW0bfj15lWJG00Vwg,4,4
6qFgbBGrcRlgZNb8jOd9LQ,Lzr34VkDJQ6l8oWq9MptAA,2,5
HEKy5l1atBu-pHfOqfJ-RQ,KAmYlUNaGwEpEOLa1KJ33Q,4,11
TBLdjYJMIDaM6dB23AenLw,3ym4vHN1aNqTY8XXZy5p2w,5,11
25QzG8_MT4zr4JiglZI8dQ,YdxdvZwt1FddrGQ0Pu5CxQ,4,2
pwQ8E-hbDUJe3qtKt_IBBg,8R_oemw4rNjJL6sd40O_oQ,3,11
XPG7ps_Q9iSlxc-fi8py9w,BaMQOhwTsid9_D3MOxYduQ,2,8
wM7HTh-ixzNpZfTvFZmbuw,oEhPArlEV-nuQgtiUEj6yw,5,14
ccqlLGfbdxGX6t6wE53R7A,nO0UrzXWSzWkghUGL7fxuw,3,14
EtFYEN0sbxkZOOt3DE7vWg,gChmBjLSe3qa8rzEngoDLQ,3,6
SJHZlBsy0GF_HYRN7wG-6A,4LlSn5JnHiiBkQFRYMHqXA,5,0
7V29xzsIxlHfdcHsnpHB3Q,QiJxOHqRzi9Ic1QQijApRQ,3,9
wk-QmrbyCtGD23oIhMP44w,MJ2Llajfj8DS3zyCJim1rw,5,0
HXv7eS-jw4fTVC42HSl0Qw,3YjPlOX3VHzKguHetiR_3g,3,11
WAbTQD5OE6Mf6nYU9qUwGg,63dCBZQILHR-QogyKXnvXw,3,1
JiPMk9WmbJu-VfTRAKpZpw,hDD6-yk1yuuRIvfdtHsISg,2,9
5xrHnV-8-TotHbT-dq21WA,1BrIPwRhJHOp6yBwjoRtgg,4,4
-ePhZcmGLxY30M_BBMhzXQ,kY6BNX2Lx-dtvYmtBeZJyQ,4,8
g4xr80W9n71ZrFV2JYzJ5g,0BJK4_RQnNiiXJcYPEgG3w,2,5
f4mMAyIgK8LESUCCyFzHEw,HZi427Fb9-lpVdwZKTk7yA,5,11
oNh7cbFbZ_sO1mz50miLIA,BC5MXeRMkw4jheSb-GVQBA,5,9
7sNE58P4AvsX6QHE8ypCiA,cKgUCzMGuRgkbKXUsgeXUw,5,11
1dWLN4Mr4hKhu8MQUCKqXQ,5MnLa1nE606cvNGlSFt01Q,4,4
qd16czwFUVHICKF7A4qWsQ,8yjGIa9pv2AWaWqxlt4DDA,3,4
EYwvNonD5kUGGNRTGjAAHA,aD0EslPREWGDlSpD0RMlEg,5,4
N5URmpyygDBSC_8UShI_6Q,YavRvjbLsvh4DYDJPAfJIA,4,4
JnPIjvC0cmooNDfsa9BmXg,Cy9LmQrY9rWwaNTSqxQn6A,4,5
wk-QmrbyCtGD23oIhMP44w,Cg7X-a-b3boTQojQZznUxQ,3,0
VFxrLIlgApHIdOCrkAYIGA,Eepah0Ni9iRx-W10PvkbBA,5,9
tX-DzjcF0qLDc99UF1fyrQ,kEC675O6YwRH30ImVxBCCA,2,4
jhPrEZShHtyGjSGMNObVmw,GqAhzWm6XkUVdJ9pK1lTPw,4,0
ehLO_Oyj_HU5DnZGR83bsA,-_5jDOVvqi73YO5qR5Y1cQ,4,4
oLLYmkej2TMHaTbudug5eA,ZV_WwVWXjgXFI9Ug2HyOUw,5,5
TwUqavuMpDWCw9iCva3KXA,RemaGokjnHrNVoOtW83oOA,4,4
DpcxYLMU6JaDiOtvcl6PBw,Pdnh437o_59l0QZsxvQqLQ,1,5
7W6qj6dMdUBIK0J3aY3_oA,YMipxiRDk0_AgzagXMl6bA,5,0
SJHZlBsy0GF_HYRN7wG-6A,wY75eFVppJy3Ux7NGEY2GA,5,0
HFItzRohDHZvcKDrM6ABZg,PIwSbJQ6wdqkBmImj0zWuA,2,5
WYU7YDh9u7tr__XGRwj3ZQ,NfQTfc22vHKsq-UA05nAHg,4,8
G5BqF32PyIQ5IvplDvpKnA,C5WKPU-802vzLuDmwforBA,3,7
eteU71BreWIONFxtIsCP9Q,Kh8zX5xfnobNiRYcFJCi0w,4,4
2BhpwsmTRHySlDZC-gaj0A,88TyKo52CRajXHxWlS5eEQ,5,6
agqWketq-FhYwVmRyli4jA,xtUTw9M21mIfmpIQfBGgjA,4,15
q91tQNboB-0HWtM8cXRjdg,-rg5vXpJgqB23FOQJuqMeg,4,7
8c53BdBWPcbioN3WZJWdCA,FM6hRJtjDwNeZWa64wpdRg,5,10
UJJYM5ZFG0imgJU9wQUuEw,I4VC1sJRNzTgx4rObIZ7FQ,5,11
oZ9wTJLI9GxQEtvp2OQoxg,Quh8Fjutyw15B6ZGZEf2gA,1,9
o1hdVCYTWCTHEQZbmVT8Jw,q9SVBDGK8EZZ7ICUao1skA,5,11
obxrjNKD6Y1ic7iyXQU7ug,UiRHhHhDaXzkkoJCf8LcTg,4,6
qOdmye8UQdqloVNE059PkQ,R_9PIy-iFsZOU52S8TTK_g,4,5
aKN3Fq2uaRJTwZRPlI5GcQ,iPAUK7hyTWYpRfY7SOwwrg,4,0
4PFwh5zbgyPhTGRtxkSZZA,g8OnV26ywJlZpezdBnOWUQ,3,4
bLbSNkLggFnqwNNzzq-Ijw,UvRW3JBsfu71LK3MA4xgkQ,3,4
tQuEVOwokhp63Xl6wEvmqg,MJ2Llajfj8DS3zyCJim1rw,4,0
ICw4trkmmulxI-SwmY0yiQ,DgZ-pZUo3drzpiCDlDr9IQ,3,1
4dIxMP5--LX1X0i3s3PIAA,C9vu1zS0ZYOWlt6f8wkKnA,4,5
Muuk7TjVG_-pek8VzJc0NA,s1b39BK1WFRY9200fwFCmg,2,1
Q9mA60HnY87C1TW5kjAZ6Q,XmgdFa3G_CZVfjtQEJMZfQ,4,5
mY7AWgtA90KQXxKhFAhC5g,ELbG4q2AWfBAu2aHN2Vvww,1,0
1TkFY3Z_g62uZ6xNhAhXoQ,jBKJMUcMuBmHqe5_U7GQ0Q,4,9
Ed20T0T3jkAqVBBiyXju6A,ofXqwIbHprYF6TP47XudOw,3,6
4Xwo12Uxb0EPmHMe5rgHMA,7E6wQmRnwrHo5UAE-M52yw,5,11
p1hBWew9iS4OYu_fzsK6MQ,4PWgVhWOsuSAoKV2KK-PMw,4,12
-2OB54nQ6FsGLUM-R1KXnA,rOyJdbHFLn21KKRh7RlGRw,5,9
xvgX6OAYrmBYV1_YC0C_ow,CD-N5vYkLkNE6b5YfhlR7Q,4,3
gImuoDkxLASV9tUBhPwWjQ,NgkIOCNwgEuF740lf5q71A,1,5
V_d-f3wYgulAqNLVZijsLg,S3zhwWlM0xSYU8tJeYGNRg,5,1
IOC3Iuu8t3hhtPMt9ibmpQ,2OJrznHaA4Gz_KYbQnAuzQ,4,4
psHTikQaM3rLRiMtq1gZeg,eRNDudpCqrDuRaz4-reNOQ,4,0
YrlNGnrofZHseVYxrLrvJA,fAk9qyerNfr3y55CdZcjDA,5,9
sLyFQX2Ipxj0xAdfQtff8w,2auigv5pF08RjJ8CL1dIVw,2,5
UmXzwFM2OkZHWJ5cJZlqkg,VfaxW4igH57KHsIHR-W7Nw,3,12
dvgzLpLii0MOlR-X59MlGg,OZC42gnhlJ_auXduDRfMoQ,4,12
HV24bliLib6FuMW3bWBrpQ,MWde5YzXWcNbpQ0604yGKA,1,0
3eUPfBdVr1BexmC0bGgCvQ,RBAcL6hg2yoaTRv0kKUjPA,4,4
aDYNz8cujkDdmbiOh95ANA,7yEHwJrpnED8TqaYaR1smg,3,6
u0JoB0Vm1ZhwF8nysxPnfg,UV0GO7_q-_uffNjY53sr3w,5,12
HLFRql-2xgMUhe7-0uRigA,Qpfn1a2lt-kS_GVIyWzLvQ,5,11
Q6E66wyWs8OOC_KxDLT4MQ,S6HTXcS97j173_btjN8w7Q,4,12
ISnQFvO_qKRoQTyj7DxdhQ,aIZQF2UCLv6ru-zsPK4H2Q,5,1
RrLRd9M2Q6iYCNnKMZsdtw,-Z7Oxv9nuPJI4ov4ufvvdA,3,5
AKXqbuifvfvNEpr3Qs51hQ,7BIbvCkI7AXQMVC1-DHpCA,2,1
wzyGNvArcpUjZauRWFrKHA,ZARPISrzPW6PrMSwexHnxw,3,9
A5XdqRuzz_Oe0gy1WJUgZg,LCvHBQBxcFm9dyW2uxTO9Q,2,12
o7NMUfN_8HrSC6waZkLpKA,bHaeNpSaM4uJgJFMaCJ_wQ,4,11
N8Iriob3n95cfybxXF19DA,asCPMMAA1wW3GJvrPA4fTA,2,10
M_UuEwc_HoqPhqgEzkjPrg,P3pgWKV7j_ea-UqIaOnvvg,5,7
F-XkGoU9tZxZLdGI6JAtZw,2Q89PhkcyT9uZnQORmqMKg,3,5
n86B7IkbU20AkxlFX_5aew,Mw1Q04VtMm3vG3pBByXRtQ,5,4
rPRy7N3WCD3sVCrF60OOnA,pi1DHl64UzYXkVuSwvsUwg,3,4
PGOHKWt3_oLuFLvx_0M70A,Q6lRyplXzkTQzmiC_hWPjQ,3,1
oZyiiNdA-I5zk_EHUmGRMQ,I3lHQQ7CbN75JJCkkAqphQ,2,5
KPY6FvT6h-r0W0HAC1Buag,hSNzpVnmPJLjCndBal4KFA,4,0
L7xRncCG-irmaFlDNhMHiA,Zf79K5QvjpT26M9OMt55sw,1,4
PliQ1Jc1inKkEVjI2Kv_yg,a7PQyftj6OURt0f5evJRUg,3,5
mu6xEHThck91bAyD38XuZQ,1oVjBJh3fNfy6_MTdP9HXg,2,0
e0AUdCu-jeOkLImiEzlTDg,2bEq0X0ec-U_-qOE_I7fLg,4,15
wyRkuR7E6gyQ8F3qTnF0nw,FGaTBnekPrfY9bGHfmZZQw,1,12
mZ9nZVLJBR1Q8vIi-gMIRQ,TrN8HBHBL4-Tu7cXMDoopQ,5,4
tWBLn4k1M7PLBtAtwAg73g,10cjlsUzS8rAKMjdEWbxvA,3,5
KUwmXka6hNDZ7wNP-_rIRQ,NMO1hExBvamoZ9RKEVNcYg,5,6
-Aw9kRoXmFptUMN2XkJY9w,0Ovh4Vn9ntMt5Ara-ZP2sA,4,5
KFpDLUoTZwkX0q0NASAjyQ,4IaR1Dhi0OXuSeqsELQ9mg,4,0
Vwwp4QxVhmP7uNJz4pdkDA,RC0MyBO6xX9_xeN2a_fN2Q,5,1
ME5a7UbS3PLTQiohCz3qww,2CNCcHA9txth664ALX1wvA,2,9
lEw2VL9JCDFk3R5NzahqnA,-3SjhBm5C1ZYoG5hNUvHzQ,2,14
SxV1Jq7UANuSYpn42JXvOA,ENf5OroRNPXXL6_eLlobmQ,2,0
mlXLPBayYqjbUMmtFrlw4g,ZvpG-rlHVli6hZPvchnaUA,5,4
OzGlDEQ_vzH8QU9NBRs-pw,1q-0v6rg3X-K6qMj81wt-Q,3,5
3q-Nc1wWrnyKB53I0ZiCwA,jwH2bAFYAEQw2TqACedRFQ,5,1
0SZy4uieBzBzg54vRdAfgw,MoD5KEV8Vcq5W86CUVzO6A,3,5
7HOTOydGS7wJYaJqNoDfeg,JfnV0ffC2LXy0xMLeYAePw,3,4
WPNPOHwyyzDH2QBI9ketcg,NMO1hExBvamoZ9RKEVNcYg,2,6
HHrDK8PKL3div1uBYym6LQ,fCq3AVUzWDarScN020AcjQ,5,11
WYAKvCoTfxmpwqgFbPAs4g,MtlMLIka8sk779RqVp6-Qg,4,5
9Sr6NJcjjX2DLv8UwAqWYw,KXLjOJbl9VYXFxKT4YK99Q,2,12
bcmcnSWyDY5FephDIdZa5w,14bbxz_tRpf6oI5fWiVh9w,5,11
R6NNz2Zb2yqpRWJNKIWldg,SNkkuchbVtUzCwyENcai_g,3,5
Sn6b4vSAEwvVEw2ZsJ-cCA,7YJrRufp-0tlNnihJy-Xeg,5,4
0jLyXYnYYw11QYaz8nv_mQ,w7KLpuYL1yySgln6c6ZxNw,2,1
xBZ1_3ylm3hf3VQHZ3ApFw,V_QmrlUCDeDtYrw73nUKwQ,4,0
LiKlpv8oYE3aYstnau_nQA,2sslQMFDlzk2yMcRGwSjdg,5,5
rCWrxuRC8_pfagpchtHp6A,HtmxkN4srLQu2zIa-4-7_w,5,9
Mqg4L8flJmg8pqeR-uYyRg,Cg7X-a-b3boTQojQZznUxQ,4,0
rXKjMIo0jVFmUfaqCqDs0Q,WkqSnHw6Q_mHPzgDVXBzBg,4,8
H5TEwR-OD0XxILGNaewohA,1WGiOXUqId8elr8u-b7J8g,4,0
CxDOIDnH8gp9KXzpBHJYXw,ISzpUnmcKJdOH1q2jPmLYg,3,5
RvXTDScB01DbDaV7XOuE-w,krvqEVmPnJJYA9ngZCHX2w,4,0
dPPl-75Koa748WjmYzmPkA,dtjOkuk-UNjsRLDa1snxDw,3,6
gwIqbXEXijQNgdESVc07hg,JqcKEsoIvJh-NTnp1pZSgA,3,8
6X9PioodbNo5nnkZTFWhWQ,9G4CrXWWkpbUyptP8iochg,4,5
UGlJYHK0I7TM6yLB3Rkp2w,OL0VHEoGXhjm6PzYMa2NsQ,2,14
ZS_SiPpiLocKfYNjRZTeww,OIKp-6ObAd-yW-32U3c22Q,3,5
IY8cvV2SQuhJjKhRW68tFw,vHEc17fY80jlW5pJtyPepA,3,0
UrfdzamoBt0WW9Ifqy7RIw,crstB-H5rOfbXhV8pX0e6g,5,5
ShC0d1mzKySVp228dF4ClQ,g8OnV26ywJlZpezdBnOWUQ,5,4
5lO-cE6SJyfZczjJCXp7pQ,2Os3TUQq872wuNM07Rsmgw,2,5
Bj_MarPEKBe2xN12YimekQ,A0X1baHPgw9IiBRivu0G9g,4,4
aD263WOD4RShoqgvVhcKqQ,VSjzy2RF0ojIVCSyEoTnXA,5,4
lhWPrEBzorygXA4TpimQ3g,AAT50SSFgYWh4ntRAnxwuA,5,6
NRGJ4IvauajqqCbhT640cw,Q9jBwye-g64eJ0acAjLwdw,1,4
UvIb5v3biEgcxWKnxf0ocg,noNQ4jKRRAVPaRFnCgIg2Q,3,0
R-xGsTpwlwuOe_vAbg_aeA,r0qqCtctSUO7QvvSoRYqXg,2,15
7lBIZHQfYNahg4tpDqEXtw,aom8XyA2yJeqDOJQPJCWIA,2,11
txzOZrHK9EVY0kYjSuXkKg,TU2ZbpWu7sbZvNyCo6S9kw,4,0
rl4hqDnywPJDCK4wfbXMzg,jvBtMCDY5sjYVaQF5--Q7g,4,0
IRZifXidb51Uh-tb17wegg,ZFqFV0tBR02cSxywyFDphQ,4,15
sLyFQX2Ipxj0xAdfQtff8w,c6f8wBjPLDzyubEBqgcMnw,4,5
1g9_rAfoKieVn64my3Awbg,mhojF5wV2lDbTcgpnKNIFw,4,0
raWHBzo-7sFowVvMd2OwOQ,grZEbAsZwWA3yJMwDRl0Nw,5,5
T-1s6UHq-q-V8khoOmdS4w,02M8HgSalOA3EqZXUneBoA,5,3
qt1b6zXExL-uoJGRRouQYw,OLiq1Ud76KyaBry257YX3w,4,5
GWdbWpy3u_ET1QVwgnK7pw,DbEszO3wk1xVmN3pCPob2g,4,4
15NqzckPUZx6bYjLc27r2g,QiY_HMcR2fwp50roU2FIcQ,3,12
utRlrauZEOF_2kASsIoJ7A,y9OO_K_93YCI2p4QjrmX1Q,2,0
wSAQBB_q0iz2Cq-YQHpi8A,4QvHTHxyAbFKG-H2T2S3eQ,4,1
6lmpr-WllUmPk094mpvQ_w,ABtCLFoIEH26T2Ij-FQjag,2,4
o0WGr8L3BWfH2Bslpnqw6g,ADkvznpeBJJCcJByoccg2Q,4,0
c7KRpENpwni-RfjRNrYfRA,4K5NUsinIgtq-yuxdp2HdA,3,1
VeYSD3Xgxd-R4yowet51tA,y5KAK-uNq1M-cOuqLq2t1g,3,4
HUN33bP2LofcZctrpOyKZQ,QaRXXPfmcLmrPmLB2DKO3A,1,12
xhVlmdU1sPVH6GBJw6AZtQ,4f1zK0LmCcpB-qad0KdlxQ,1,9
xm7K_VNtlWy5w5KZMov4dw,8IvQuR_f14MkiqLsir9DqA,5,11
vFcW_gM7-NyBv3xUYACTAQ,TylutGFTBySdVLN1eKDD_g,2,14
GIZXLWqutXUP2cDXvuSfUw,dpHM2isBgLbQLI_rCg5i9g,4,5
RBZ_kMjowV0t6_nv2UKaDQ,ZINEfhpVrb0Uh6VbX9-sOQ,5,12
CqkdpG2tkCPQA69umlAHsA,MvwjxVPtKXP__ADkvlypuQ,4,0
tFTU5yWOCQLqJMs2YhAaFQ,isP7L3QvK50n3FDlRKRtOQ,4,1
jGPj8xX6-ZjLhegdBBhdQg,9njwmO6YzhaQB3-htNMFYQ,2,1
bez3i2gcPjHwPkGblDa_DQ,NYf9TKBKPpa1wkA_uwIlfg,4,7
JnPIjvC0cmooNDfsa9BmXg,WB3nXcDioVvGax2u5_jXhw,3,5
YwaKGmRNnSa3R3N4Hf9jLw,f40hFx8nMhRAf4bSh6fXgg,5,4
0ZpApT0cq3Kg0SIwSUKyNQ,GuSk6ON_K8A-nMNZ_zmknA,1,4
jZ1ziwykb5EEla5y4D5Ozg,tXec672NHkM8PFZZAsEXAw,4,9
Zi9IlM9rbeSjxAJX43MsXQ,7ZbjK_dmojrxoY-CBeHPeA,4,7
hZfzVrhsCQ9JDAb2jYoJNQ,4eowvUTUgOs6X8wJeYsDmA,2,4
VdAFcSPJgMvCAmp869X2gQ,Iexv0Un2MfGEjHk8ejL8Ww,4,0
utRlrauZEOF_2kASsIoJ7A,MGLHctsHyRDWp6aVAsCw1A,4,0
ZsjuEgOdvx9l5GKZdtwYIw,P7pxQFqr7yBKMMI2J51udw,4,4
CA2Bnb04pIIE8tVveMDdfQ,9RsIfJvThEwSgCXdTOPieQ,3,0
Z0GA65zCMI4ska4iHRr8Bg,zb8kMYcte7WLcB-7CG3vNg,5,4
2m2MNnlOdofofmUs-hYTJQ,Yc5_nA9NqqxOp8WCugF-Ng,3,6
Yg08tRMxm0eaL-rXyNIAHw,4ZwkfK-8Au18_taabb38KA,4,4
tXqVduTJHLbrrwVEO8JX6w,g8OnV26ywJlZpezdBnOWUQ,4,4
eAJ3Ip0vh-zuk_BmcmchYA,jaI2y3WsNXysaf43KnJJJQ,5,11
wurfvHZF2B1jzWj9QRRnGQ,hrhtWc8UcoZqYr2d7YPgEA,3,4
CxDOIDnH8gp9KXzpBHJYXw,DSh8E3ET1K5kB-uM3N9nhg,2,5
DeXKbQYNx52OlOizobOLJw,j-5O-Ehd2eaCHYgmTSfoRw,5,9
lOZKlSyQa-jSv4HZ66okGg,VS6hYqFnqhrtQEcJ96sbMw,3,0
MiALWsQL88BzrACF8v10_A,Au42SOOswePU8ZsIFfrhhQ,5,11
SDAjElWg3R5x8AGo5guKRA,Pi2laGNPpaEp-h9kcWnVlg,5,15
46eVHhwdxITY4W2_jsguMQ,9bheuwB1IEEbjPyMiK6mZw,5,2
jWb6ypg8lHH3cK_lSWE2ZQ,abOlYWSnocmnFyjZpJhj5A,5,5
yfXqZkU5iXE07GSHzdsQBA,8HBRdEnm99TUqwbuB7E6FA,4,0
dAB-v4B-5_8QgTcoVSnZOw,ERjDXFk2J7RprGrOEDR0LQ,4,5
03p8zXkWRammSu76kGzb6g,5Iin0tl6QJT_TyL1BldtyA,3,0
XMy-OTpVY8O1L-8w1zOKcw,60cxYPUU0WQrxDMroJhMjg,5,1
6Ki3bAL0wx9ymbdJqbSWMA,B7b0lgA_TW7Y5d5GdDYbHA,4,9
fiGqQ7pIGKyZ9G0RqWLMpg,YJK7J9I7_BNzCV8XO1VS_Q,4,4
l7sZTLRUBK0k3xjRTj1CSA,KYmWLtWOmPe7yW_QzrYbjA,1,5
1ghFOCMBpo2bGaWu_c1tcg,Be8nEZH7rDqnWcM-dirsNA,3,12
dLOfp-2TAGAb78jGZPvMoA,-6hVnjeCvU_ImnQEJyrGrw,4,0
jnB_saJqNfOmVoCWquhAzg,EPC6hf0LI9CqUOSGxMxHow,5,15
VnlUnPrfae-fbqDoXuvDbw,izCeT3RLeARwP-VJaOmIKg,4,14
UYcmGbelzRa0Q6JqzLoguw,A0X1baHPgw9IiBRivu0G9g,5,4
o-t-i7nbT5N_cmkCXs5oDQ,QD61fmXTp476qfS0dpt2Lw,4,10
HSkGdE27HF5qI1qWfES1Xg,5YFoTReuv30skVEemqZ-sQ,4,0
XrSVdoufjkqzRNJg1tcBxA,sgmQki4RpkR9qJUOPaph3A,5,11
bJTKxBIvb_AR8d4SuLPV8g,Mp0jeFRzl2HXbPPBYbL9iA,3,5
6FWgDfALCn6IB8AUxJM9GQ,ttKbmaIhQREGeT2esJnIMQ,4,9
uTRWF_Hd-Sbc164ixIP8ng,Iexv0Un2MfGEjHk8ejL8Ww,4,0
OMjqheLCafymV1f19n427g,Yk2joR70TwHAdI0FnukFog,2,3
PKEzKWv_FktMm2mGPjwd0Q,4ZwkfK-8Au18_taabb38KA,4,4
i6nzTfZ8TRckJOGgZIpr5Q,4Cy_M5b7-pkimLebxWUSyw,5,14
YRcaNlwQ6XXPFDXWtuMGdA,H7rpWv02D6WTu6IpNNDkWw,4,5
LNPyE5X1K5B_flcTCH9StQ,HD4JDFoc_htq5VYESJT8gw,1,4
lCmvpQfFpdxhbWVM59eUCg,OpqPJUGAuTQa17pfhLJfIw,3,5
CSA-YFyZWlxPTeAZRJqMWA,1bkp1NeTw5yg3hTsldkoPA,3,5
nnfbZsY3Z_wTGg3ZC94E_A,GTwQgfi8DN23D9fMURYUdw,4,5
pA0Ke_97Qn8ROyZbEMtVWg,P7pxQFqr7yBKMMI2J51udw,2,4
x7zoxuIXfaPNDl_CJOBlpA,-9S_n0bktrfv3h3YIOPVfQ,1,2
XEGGwbBHYkrnls3nRPn2IQ,WytXFkpI7Gu60shdLwec0g,2,3
EtBYV4tWrKH6jR0RCwV_JA,fJen2otermRClH3rWuC8sQ,4,6
6lmpr-WllUmPk094mpvQ_w,ArzvTos0EuwOrrtEILUDcQ,5,4
Ry1O_KXZHGRI8g5zBR3IcQ,G_JJzggeit0hNqEgvmKRzQ,3,6
Z_xbO-Iaxbx-ZRPhLJK-Ew,RF2BJI7MyKC-p5a2a1OEaQ,3,0
ZsjuEgOdvx9l5GKZdtwYIw,InfzHR1oZYwn1qell8_4CQ,3,4
N3J-41OHb87d-d395bMDmQ,lwZdxtiTX2DsWXrkJHi-9Q,3,0
x7zoxuIXfaPNDl_CJOBlpA,Uzkiz-IKgLZXdhHucfYZww,3,2
14LJRp9bgwbsmlyEq-3JxA,P7pxQFqr7yBKMMI2J51udw,3,4
MWpLsv5mSSHhoX3T-QSMXw,dHVeXpn7WfEd6WW5TSK9EQ,1,4
XqZrVXbkRhaqNMsid7pOkQ,Yk2joR70TwHAdI0FnukFog,3,3
3Vd_ATdvvuVVgn_YCpz8fw,kEC675O6YwRH30ImVxBCCA,4,4
FREeRQtjdJU83AFtdETBBw,GtSIihHmey3GLUD3-Hk4yw,5,5
ulLNJBYJz_2Pu4uG_BeqoQ,RU4-CoRiOE4sD99G1w1_Ug,3,6
uNxXIIFzjHm5r62UTyVjrQ,_JbuDLG7SFEtiCVDT1M0CQ,5,4
XgmEAWKBxlQ3vetV5ZXeow,zFl1EKiFA2TcW8q9Uvt8DA,3,14
veqfgg2AkKs_L70fx1Quag,TERNBX3fY1-oWsNfjjawsw,2,5
TaJ3hRYUW9Z82HF0qc4hFQ,pFCU_1SI56bB3sOLEPNf_A,3,5
uZ4z-4ftg7LbGR_blmZTow,Forh8ReS4pbs9PAIzcRpLA,4,4
HP8HNY4s_sLUcJEJcmzqxQ,I-WaaqvofK2YSS4agaPKjQ,5,1
HJj82f-csBI7jjgenwqhvw,Yp1swb-8pO8i-6-jaK2tsA,3,4
yZS81ytT4TnAzaQ9Qs73oA,sNmnwKtC4su9-uA03ZSG7w,5,12
O4GWB7-Vya0rGMZwASzncg,dh9tT-o7KliyiQKwQ_G2qg,3,7
2-XLTj0Cfd81_XlmHo02Aw,8R_oemw4rNjJL6sd40O_oQ,4,11
Qx8WMsFNHBfx6rIH_G0nBw,clyic-I4VvOkJszq78KJrQ,3,5
W2A4vfTSYCgM8tLOq8PWGg,zBDqbejZ-2lAkQCztjnx4Q,5,3
p7HMe4REUwSHn9in8mUQMQ,hrGcHSiwMUjyotaJcQ7f0g,2,12
Tjuwm4XdQjlmGdKVgEHx-A,P7pxQFqr7yBKMMI2J51udw,3,4
yfXqZkU5iXE07GSHzdsQBA,SD3ZyFR5ZjFneWpYhT6tLg,4,0
Uea_V6r3pzynOXm_NoNBBw,ICUCAzUZFiWkYs7iCtNCQg,4,6
IY8cvV2SQuhJjKhRW68tFw,NKPs-TiY0dmN-aY68t-R4A,3,0
FMXBbottjIZ5_b783zX1Jg,svgSgTCLdptW4WjS0xTgmg,5,7
5Mujjzv-ZH6HhxT-hWCpVg,7wYDK-BK97Yt8z7eDlBKDw,3,0
I9CD0hf9tnBbuhKOchJp1g,DjNdyATYYyHexZuUy54g2A,1,6
rgPpseopRnL7OemuToyVDQ,shLhh3VtQGX9XkenWwPJUQ,1,4
7cgp0EXG11v-y4F6sDU1hg,O3OH5IEFMPtz7mPKakPZ3Q,5,4
8D8mjeNaJ3DGhl0WX8copA,92JuUiprX3bYHa_3bIAOsg,5,5
RrLRd9M2Q6iYCNnKMZsdtw,XSHCjAtSUuN8IhTichIqkQ,2,5
UJdV27tvroF63sIKvaKmTQ,01fuY2NNscttoTxOYbuZXw,4,6
SfY0jEFqBkrqq9bVi6P31Q,P7pxQFqr7yBKMMI2J51udw,3,4
a48HhwcmjFLApZhiax41IA,L0LNTAw2QqbPTZNPO49xMA,5,4
1sGYXSkJHPhJ6wQtc-RbZw,LcUGX1CKxf8-2CAHh3M1vQ,5,11
tH0uKD-vNwMoEc3Xk3Cbdg,A0X1baHPgw9IiBRivu0G9g,4,4
9w4vI3LRTA4JdJyzOxeEMw,dUffgo9Lh_Vk9TLuFR5ywg,2,12
Uwu72w77MPox942_GnCS7g,cJkKGQ-QYcFicvLHfe5q3w,3,15
Ga9DnmdmhE0Zzs_jRtmrfA,W9UwtpOVdAgk5NKhMd_tcA,4,0
qCzx039NVrJkWnZEqQ1JKA,0IPTFesIRB3VQs3cRz_SnA,5,11
Hl86tv4xZmjCUOlRwyg0Ag,TW8Go1lkRIG2cHC6Z69UWw,3,0
_hSFyAV5QD0wrJAMb9QMJA,GVWo4NbfMjams2VzUfQTkQ,5,3
3dbkO9K5vcvJXuKrVu4BMA,A0X1baHPgw9IiBRivu0G9g,4,4
zBi_JWB5uUdVuz3JLoAxGQ,6e3GGt32bGFFoWkJ7KJc_g,5,4
epkRB3J_oBEiyiwahvdmGg,b1WGIdd_oSwGYZtC769Shw,4,4
g6ZIckP0jzSWfD-a2AnhuA,2pAaYEpVsAy3XNLpmPxCoA,3,5
JV4mCFFKgf_AurjiAXqq7w,67vPuUwGHk4WGg1onTtOew,5,1
Ieg1z6bc94U_RfS-OGxQ_A,-tseTthXWYoMjbqRpTZ45w,5,0
cafRiSVWRXlxDEK2YNrJ6g,N4BbeIbQNgtUEEMutu9U3w,3,4
xRpAEg0M0azAPuKVg7WtgA,Zf79K5QvjpT26M9OMt55sw,2,4
C2y-B8H-JkIfhqX70ry5VA,uGhoWn2z_07FMCrPC8aFDg,5,7
rl4hqDnywPJDCK4wfbXMzg,I1j1kEbQ5BliKsjzl5etVA,4,0
hGJhZ6Z-sG5ux9yzZc406g,Ty97c-UiKW6YC_GZP8EYCw,5,8
ROsAs833CTExJfWotUyY9Q,zQPnto54-IgCovKmAjH1jg,5,4
Zof5LevynuBuY00HNbbhlA,NvWjSruIUunXMI1EsUWo1Q,3,5
VeYSD3Xgxd-R4yowet51tA,EH6syFxDg7SXPrsqyg-DGw,3,4
5z587IBRnjCbo51IaHNPzQ,G9UlT-mBMdUwoUGCW405ow,3,14
anTmWtK-REFMAaLPzD5-ng,KeS8tUgcRqmGJ7dAvbL-2Q,4,2
FMXBbottjIZ5_b783zX1Jg,1QOkUiAiucxr3ckLLK9BjA,4,7
rl4hqDnywPJDCK4wfbXMzg,hK7JWGWf7p800LtJnZMt1A,5,0
sfd4dBlBZub_h8zLKcObfQ,hVzRXGGhRJfTXIasO3bq1w,3,7
UhlXS6NdA5k4SRunpcKHJw,DprO2_-TACRiPiimbtXvVA,5,15
oEshN5oq98_g23MvEnRc5A,0tfWZoTU2z3NFoyKzco7yg,4,0
HWLr60IBXAy9HD23W3Xmfg,hTvPGE7rIJIkMcuRfe0eOw,4,8
G5hDXvDMNuQ3JQnGCKqsKA,fkvctSjQoiHnQIkVDreamQ,3,5
FCzzkuhMrQ-pWYDA_fPmkg,rPfjmOrUXeSHD2wpukgbwg,1,3
94HchNwPr69BdrF0On9uKQ,SbbxTzYuMdW4dGgXBnT40Q,3,12
IxJahxdx5wYpkQrTjc8dLQ,InpTA6-ErH8JVwTKsbWNZA,1,4
9W73B44Iw8WslrTNB2CdCg,2auigv5pF08RjJ8CL1dIVw,3,5
sADnfWdDNhHnrox8vc4Kkg,W-0kYnhvU1rC1ip4ErgLUQ,3,4
ZngF2uBYrqyFjXd6LvuluQ,_bGZIJ0Z4bhxgfjlUDzZfA,5,4
DojaJuL75eaSataTeCgfmQ,knJh7agyWMdPyndI9dURjw,4,14
L0LokwGK2UzqLm8vys6Vhg,1sN8BsubZbBUI2nS_3LaSg,5,0
Vc0SrTF60u0uAI1OgGSPsw,4Ob6Ar4SpUzcPjU9IFpC2Q,3,5
hXen3vOQ6iSTKp5sSX9R_w,dSEcQPPUlATxZf5pvN_t5Q,3,1
wwPSdOrW0jVNgzr8whD0Jw,5GhwdPodZMhVoW4fBVv8OQ,3,8
4Bn-2V-Mp3I3nLGkdI3J-Q,nzAy8A_Kj7K6B4OyZzNsnQ,2,12
OcHE6d04oznL9psu73wkXA,vOyZkFAknjVg-Fwye3TKaQ,3,12
Ti5Bpj0eRmRYTBnep63S1Q,ahbDELrW7CqFbOVePbF5-Q,5,4
CaaGjAM1yL_t4yhNLD3f_g,Jwbt-m75VXM_pZMpVJRMmA,3,15
TDASnrM4Siq3JIhGiG2Nbw,QNcmzMJO3JsQzQZPSDSjYg,4,6
GWkFoDUEz58PPrtIqeFiqQ,Sc08tWE2M0HktBuUC_Ve0A,1,15
py5NxUH16FJuxLeuNrWI2A,WMCUbJQLQpnjQyA4Qai_2w,5,3
N3aGApmPJ5xma0xx20FeTA,R6sTe_wKyeWgATsCwFmjuw,5,1
z3WHx5PVY6BglO4d6Uo9Ww,NYf9TKBKPpa1wkA_uwIlfg,4,7
wo632pzj23-Di2RakSugjQ,XIg92ukZJn_1aiNx0OmusQ,4,8
8teQ4Zc9jpl_ffaPJUn6Ew,cTPdZ9Va0HCLESf5gNnXwA,4,7
7-WeMrvOxCH3oJfEWkC5rw,bRcEcYr27qNLQwicz8xHug,3,5
oKdygoDX5CfDJeXzv_EVaw,sGvZEOzRNkLl_CYUppA-JA,3,0
zsZBYWYEmLLs81_f-HHM8w,pSngeMoYShqw5icznsUyRg,5,6
iQtw19gqUjDMynCqgvHPvQ,MFcIbLWNblqwtOt5kVGHTQ,4,1
HK-TlD0yVA_tpTXZxfzu2w,JO8fpEpWlqFmjAwWZW5Gvw,1,4
Q8CLfv38ArMpPvv-8Wi-gQ,eqg6UyuVLwzAplUvN9UkSw,3,5
PGeiszoVusiv0wTHVdWklA,IxharcjDwjQ72nX7GuHVuQ,3,15
BGzavA_ddMr-jGmhArv7fg,EBI3tqp2NTD6czDmQJObZQ,3,5
OMjqheLCafymV1f19n427g,B4lddaSeuvEGl0Vmc_8Imw,4,3
GRsPBPJ4Ckx4mpm2UbzWsg,J-cXUti5UGgZiCAaYmzeog,3,3
OrgOAMFl3VoX3G_jl2Flyw,d_NwSdTDoJOyxD9Su0FcYg,5,1
kaJCbdYCy657hmpY6Eb82w,w2g2f6D8dgsuTMFw8M_SsA,4,4
4hetE9pQKPXesVF4KB2c8A,tOsvHZpxmyIK4Ngk8FaLJg,3,5
qIossUhtsJ55_ciRTEqiPQ,-3rvpkYkYD_N1IP4hSvD0A,2,9
nghz78aPzKPsD6MVFnBqRw,LRW8bLpQ7N5vjJPKNl85lg,4,8
68HjN_1C3Us_smf78s1eTg,WLCdg4ib7-_7b8epoXRjAw,4,6
sLquWhSFdoqdpJvDn7tqaw,zi6cB_bkswWPLD2k3IVtyg,5,9
8oml7qh4oTsted_TNMzH6A,QBIfqIgZLZsq0wIDO27FOQ,5,1
GKNC5QJTb9_FTC3z3aAdRw,qgEKyJfuL5LBA6D3V9nR9g,5,5
gVUccH2WcZ5bT9CJuX42lg,pLP4zc_eImuD5-AMtZAYHg,1,5
zAzCOnCSS1DiceIWXKQQWw,bxut9wt40ikh63hCgenkLQ,5,9
LMhTti4tnUvPwON8yREDcg,LGiM7r-E0bYvZUpniGPkSw,5,3
CqAFnIa7AKD-ey-aCsIN4Q,3NZNP3kzPFf7RHeiEy7H3A,4,3
yG-7jMmGOfL5i3AXCkue2A,FCWrI6E4kQpU_CwWGc-Vng,5,3
rBVubLc9uLDZLrIhd7OiQg,WZhI-q8IyV7ec_4kWzrSmQ,5,14
eSqMc6Nh8pQSQtI1OT_mBQ,ZkGHqd_f6hxNb5TN6Knu-g,4,12
c_vwdEGXm57ASJvMK4ob4w,TZmMsbw5TbRqv8rmKj_aGg,4,6
5xrHnV-8-TotHbT-dq21WA,2iTsRqUsPGRH1li1WVRvKQ,5,4
xJafm7vGSkUI5ocgYkCWkA,BEpUZHL0FdBWa4egx1r2LQ,5,6
MEBWqqaUOnxVLjvEcNZJWA,M27gWyT2EpCCj-dSnXDJwA,4,4
EC5TGpxONfz4IZIjML0DpQ,GZdfqTwCo_VsBYZa4tvE7w,3,5
bvYnuDyb0mfD-oQxB_Wwtg,Rv1IiQaIIDunqzS8dSvHCw,5,4
JmMXYQJio5eXgOvVZl_xGw,SCSDDqlCT5Lfzs1T1OH9gA,3,5
1dWLN4Mr4hKhu8MQUCKqXQ,iBlQvqiy5Rg2h-y9TS1yOA,5,4
DOZtiJTh6ZYsZJcXgPrdBg,2W-ieV0yKWD4Iw1T6BPJxw,4,5
dLOfp-2TAGAb78jGZPvMoA,y-l_UNoWsDqMjvkpM180CA,5,0
6MM9Yqn7UBM8tmpSHQHAAg,K28NUDrV8GbR_mn2WDLoLQ,4,8
tQHPuMvQDT29bZyci2q2Pw,C9vu1zS0ZYOWlt6f8wkKnA,5,5
owbC7FP8SNAlwv6f9S5Stw,f4kNNLU_0q_2J711jCN7dA,5,4
UGlJYHK0I7TM6yLB3Rkp2w,aylmrtz1AaFQTeM62cul0Q,2,14
Ytjon2aVUm09CMdfGJxZYg,XUFLk5rNPuxXHUdJWXCF3w,3,14
MeD3eX4oHmGS77MlF7hYZg,J0ET9_Zvh10E02BrEN74iw,4,5
caeBwAutRRMSVA2aHPQ4Eg,DbEszO3wk1xVmN3pCPob2g,2,4
Q8CLfv38ArMpPvv-8Wi-gQ,WnUttoJffplgWaQGR2J2Xw,4,5
BIJ19JsE1QulXWLv2v2C_g,CVS4vhkO9oUH0oQ6iJucaw,5,3
bLbSNkLggFnqwNNzzq-Ijw,aIZQF2UCLv6ru-zsPK4H2Q,4,1
yocUoAflwaRsnyUf6ceQwA,JO8OXx02RXoj8Kio7EwaYg,4,3
fnaTT62QH1PeDnnOLdODgw,_phIG3MIZs23EKrigUp7og,5,11
ZQsculZs_WMVFnBGQee1EQ,33EuQjAGkymwow4I-VKUVw,3,12
d_hn1iMN2b2QhRkTTWRfpQ,QZ4GFIArBMGolsVi0XHgcA,5,5
oKdygoDX5CfDJeXzv_EVaw,-PLQIgIXOwtZHwSSae19Aw,4,0
CSA-YFyZWlxPTeAZRJqMWA,M0CBCEY1UFX0JCRzKZ9ujw,3,5
0BBUmH7Krcax1RZgbH4fSA,1MQ-rCO-U4swt-A7oPwg3w,1,5
CqkdpG2tkCPQA69umlAHsA,dbqS4GGy62ibb3ntkDmdRA,4,0
cAY_gYiIq68RkWhLennaKw,Pe6MFhOa69NZIKHHjlQiNw,4,4
8P2LkzPGV4ID_fE7gJGKGg,htbLxEfvaBpVuIqEYRFw5g,3,5
RlpkcJqctkKXl-LO1IAtig,X8GtmtMqkyOxXsF4Uj2Sgw,4,14
Y0-lLNc2Y7gUGXPzSsMueQ,QsTaa5bSKhyTKn3yDaObTw,4,5
jKx0XOTrnT6gHiiRZ-UVKg,6LHfiEI47tSTlGEzDaX7pQ,3,6
alUuOskFSl1bODjnce2PpQ,2LwD2kptBJxGrIO7zm9EMQ,4,5
0-wo7wKN_Rp0Xs6cBMEDJQ,aIROM-CabWZlXP3yBZsgrA,3,0
iTxPwAK3uqAIg1YtB2nFKw,XJN3OhXLBDa8zAqdi21FFQ,4,1
0-zHvlwR7ZmVeasLRGwpag,CD_ExwWCwGjxWYagfDBnbw,5,9
LltbT_fUMqZ-ZJP-vJ84IQ,pmoIMK8zGWvKsVOPDBYfzg,5,4
BdORxIHCQ9TlGC49phb_XA,oi3FWENKZ5y_bDCpEb8yOw,5,4
51UaY_JKrEOzA1CeEbuDNg,H8p7tEvUmJ2sTxxdmxnrMg,3,4
OExkeJeuAnjUdkjJvcrnnA,9c9CeJF2yatQWslMd5_Xmw,5,11
BInADFegedOHAxKO1jQ23A,NT-AQQcfp7TZnjFMwukKxQ,4,5
OXSJCjKtvZPf-YPDCXcWZg,hJkGfdNlHTfqFTeZ1xkjrw,5,4
_VTEyUzzH92X3w-IpGaXVA,mPWRxHEYOa5crj5E1tyL0g,5,9
D2ljL5ejuqpa4f8fnZ1qjw,BaVtTt9pBoI8rrN35tsj_g,5,12
AEsYvOCOJhnwp2u78fQpfg,GaUf2viNL6okuMowftQ5gA,3,13
FSr1CdDnHilQ2forw4buLw,TEdtu4fe7yZ5biKsYpURBw,4,6
xXQTdJXPGOP-NUYctcQw8g,I-wr2dlV1nPaEyOdLflUww,5,0
Bp6bMTGC8qUxT2A8DC37Cg,mSSH1BFPQJ41gmPiN9_jwg,5,0
Aqlu39fYy9g9TzDQHKk6Gg,L3GSBM-3cUGiEWqcnNF9lA,4,0
XrRLaAeV20MRwdSIGjj2SQ,M51gw2cz_vXarNBLbKkOxQ,4,4
7V29xzsIxlHfdcHsnpHB3Q,0cjjoeuuWcgrFFe0qd-eOw,5,9
duku8ZJEzJC3_E8602coqg,7ZbjK_dmojrxoY-CBeHPeA,2,7
8hMl3otCQKe8n7d7VmVwNg,He-G7vWjzVUysIKrfNbPUQ,5,9
ySKAnvEAVySrxYz0rqjMgw,p6Rf2hsyF1eYVJk9ag3W2A,5,14
0femxedHmBjoB0Tfli6cFQ,ZYof0WYlilJ3pgWNSgmYKQ,2,9
N3oNEwh0qgPqPP3Em6wJXw,kOZohaAywZ8GFF6YjOyBVQ,4,4
2-iZ3lifB5gGWcpP6EgCCw,knJh7agyWMdPyndI9dURjw,5,14
-qj9ouN0bzMXz1vfEslG-A,F0c5AMuF_w49727bE7xV1w,4,4
8-c_N_vSkwVieg8sHn_Ppw,5Nr1rkaTmyWqBAsil5CLDg,5,6
sDiiBvtwbwzTqEozByzaAQ,7B0qcp3pQw-zoGNySmYRqw,4,8
EjA7rcw9F7By6GFQ7-t9WQ,3num8fBJ9Z0T_HfshUNcrA,4,5
65yB0ydGXOZ_-T6J_GbKfw,NXNU8rqEwhHURjGmQJOqng,4,15
yfXqZkU5iXE07GSHzdsQBA,MWde5YzXWcNbpQ0604yGKA,5,0
P1cF6tuUES0jMpoTdWZSlQ,8R_oemw4rNjJL6sd40O_oQ,2,11
TGrZk61ja7X1ijAGW5lNmg,_3lIBvmGuRzry5FNN1WprA,2,5
xlkjaJUu2fVojeaaVgQPOw,ErYuSC1--vwE6Me3L4AMZw,4,12
Um-3UHQVVCtrX1m3chK5Bg,SgSVJWgMwFteYyz4OlHu9Q,5,4
aArP4vt3_7ylIRwovEuiVg,k2zlqOTGMo7j2q2xiewXwg,5,7
_ijx1PqANQVFLGNWCibdig,THadh2gExZ0AxzcLJbJf9g,3,4
cpkkojfuNh4zaXHvgDZoMw,JExlaHCiJ54STFLyNLqZ9w,3,6
vcMZqy8TCWqDPBdEVZVfmg,urkVZybwRNeOeu5vB2zUIg,4,5
HXVx8dG5KxQZog6kdDraWg,BaMQOhwTsid9_D3MOxYduQ,4,8
F3kQlBYlD__s-J9U2-HsEA,jTqEmLZFw-530alwgn1rYw,2,7
7Oe6ikklTjVBbEFw9emLcA,vYOtdnBm-45KQiiHj8jqaw,4,4
7sNE58P4AvsX6QHE8ypCiA,AzZldizu_tF9plrxsj0JGQ,5,11
HikPdCQGk1mk5JsPjur7Nw,XcricTBH9J2_2DpkYVGaCw,3,5
UNb9r8__MMVsAZFkpEJnew,4pxIMdUZKS1PsK4aVCOhPQ,5,4
U0WU9d6gpMNkO_tPXK58Sg,GY2Ft91pI_JUnR6EfdE8TQ,3,4
6b1TrqxJ6iK11tUtu3b2hw,Go030M_vCtfNBTMCyZOTcw,5,9
p_2daiuEk774FFHsKrCAlg,POJJ7wNPskz30XiyzwRZnQ,3,1
KXX1IileI-ZKv6HvkAkuiw,4sitViZ5-pr9wKjmCSK8ng,5,14
SfY0jEFqBkrqq9bVi6P31Q,vYOtdnBm-45KQiiHj8jqaw,3,4
lKRbcLWDQmOmhcMa3vMCMA,kqTek_oBEKOKpIHI12JYhQ,3,8
H4ECp8d_jYLGHsPCgD5ltw,cuyPAX7EceQkLmhKqo-ASA,2,5
v-ycLH_ziGCe8n6czSSl4g,pONAh36UidKWp0jU7ecwgw,1,11
6UPWBTOfNoaGRahqTX14Ag,Mksyt1TZQ-7vzCZjeuzfAg,2,5
0rMkjnsRm82lOhyQH_3enQ,Oe5vJB0Riwg8RetgADqZMg,5,0
8bKpyXdiYF3ZKIB3QyEiVQ,XmgdFa3G_CZVfjtQEJMZfQ,4,5
BhYROfCjIJsKUk22_IVHig,PBsxfsKbNHDc_efVYUYbTA,4,0
YRcaNlwQ6XXPFDXWtuMGdA,RA83jaYlKMvK0w3KYvTVKg,3,5
yRm9czxWwbiJA-rtRAigcA,WECxgtrf9dyplOB4Iur9iA,4,0
x5GG_pGk5kPGgQBallt7vg,2jqUYcKMYZXnpxNTkORJgQ,5,9
xGKawGzxuIIITvnD49La5w,1XtaqIPSEarYEMBw5JZE_g,5,5
135DbbQnr3BEkQbBzZ9T1A,w2tr0PA0b3tg8pId0kjM-A,3,9
o0WGr8L3BWfH2Bslpnqw6g,2D00THQCGGHUrAuH08KOMg,4,0
h9LPugJk2cpIh0gmQb5LnQ,ffKC05KiJWMB1ppjOYs9Hg,3,9
9lOvvj908G6FkmlJfdSh7Q,Gh-qmVwvibLnNdqEZXcQHw,5,1
Yjer78RnYr7OCzirgdcOaw,_JvkW_J9JKc2s_PKRhkdUA,5,0
5p7fIgmWgP6yWdqJbSrlig,R4xJiZIgjQ8kb6mMRMJJjg,3,8
C2oXAYS4H6uOf7CWLywUYQ,FXb6ea4_zxLaBN5cks4vgA,3,0
7ugys-3LhtBR9IIG8UF11Q,-qapEPpNaxcpuGfATdjDEw,1,5
7_RaCe5zzPBYWm9znlffUA,-yzBFD877La-RP739VxF7w,4,5
uTRWF_Hd-Sbc164ixIP8ng,XP_VxsvYhnB3oONjUyLhQw,5,0
5HjilK4MaY1XGzhx6EWzLQ,HYKTKG3X7jtLe6elxp63JQ,4,4
JnPIjvC0cmooNDfsa9BmXg,S_vKqJG07RebONg14xTi9A,2,5
M4yYtAXehUzaHB1ghl6EXg,Ixp4JlKM1cuXloJ3xxYQDg,3,6
81oHDSsk-VRJm-Bnn_ex1A,WJWXFL4aFQy7edFrRNxlWA,3,5
zgFpxIm2_I86lhtHOdmjsQ,Y4aiTsQO1LrX0Saw00lOPg,2,4
3LW_w3POTvwjl0gY-rHmmw,Xkk1YnKk4A7TOA2r6MtaTw,3,0
oEshN5oq98_g23MvEnRc5A,Cl1GJCj28jn5Q6Z3oLOSoA,4,0
BrKoAfW32omNcaFqW9pKsA,lmxA0dJM0XsPCIHPXhEQ-g,5,4
yAdnKwB8ReKDY-0po46Thw,cKgUCzMGuRgkbKXUsgeXUw,4,11
Rove-_SK-PAezQPQS7cnaQ,DgZ-pZUo3drzpiCDlDr9IQ,4,1
NjNJ1JLnMlOfnDI6Oz6Qew,5zDP3Y2hdh6GJL9DVbQ2KA,5,4
Y6rQQJiVHEn_SuScZzJSxg,_IQ9VXQ8WsyLmhw6HkGTHA,5,12
CxDOIDnH8gp9KXzpBHJYXw,Du199LbeUS-oVmld_dcq1g,2,5
EtFYEN0sbxkZOOt3DE7vWg,bc3qgRXb8mln0CGgUCTdug,4,6
20D021OBLC2j5JH39FaF8g,g8OnV26ywJlZpezdBnOWUQ,2,4
FwkBQO-lA-EgkA8t_EHqfw,L3yqbETHG6F7jt9kIOyDfw,4,5
qibGLHABNReGeJr2w4_8yQ,RH031_bmo80rTPvqr2FLyw,5,1
eK6FpEPv2urKpEjWwR45QQ,9dd-dLxZs8o0R27qDkKTUw,5,1
J6E6NSpJqMBib9ydbchicg,E8AkdN9Adb_yRKLFiiSBFg,4,0
y6To06jltp9_C0SHy48sSw,4m5g6GUGDN9NqkfA0dk9fA,4,4
erJ1HQwavgZx4996SMIxrA,YRyYbOSwvHkZsZOLv98oQg,5,4
22ITtShcXEQcR1M5Sb08pg,GjI8vHV8cAsZlhBpogoUEw,1,5
mMl1zXOLGJeqZEYPJhspRw,FWxU3Ji7-K66zQqRPLyemw,3,5
zPmSHgYVv3-izp6wIQ8ylA,kQVr4jgxgPspXA9oWO5gtw,1,5
48VpixVaQcPFw2w6UPHWww,U2m1WfXenwHrYxNSafBUOQ,3,5
wOGfOjBaP-lCS1NW_En2LQ,JRoJwJkO-VtBFngswsIhgw,3,4
8zRJrtAxuI2L4Xeq4QxD2g,TTEzgDKVBJYm1oHIlCMCEQ,5,11
OMjqheLCafymV1f19n427g,pAY97dUh6vNRGSS9-UpRNw,3,3
Q9mA60HnY87C1TW5kjAZ6Q,V0ZBqwBGsYuihpUbju_IQg,5,5
t2O6rs4fZeY9o6ZY52RyJA,grZEbAsZwWA3yJMwDRl0Nw,5,5
EC5TGpxONfz4IZIjML0DpQ,HeD3lqTuToEzd9RYHfAHXg,4,5
2Zzb-DoLenLpbt9pXhTQIg,NYf9TKBKPpa1wkA_uwIlfg,5,7
H_-K6erSJYtzg3ZEvOg3EQ,_bbIPnxdLQDg9HBo9A9csQ,4,14
RMOJLdLHdFai_ksWCMDOoA,st31J407tIt-gJJ1UcDNCA,3,0
I1ym9JjScw9ydMmqgTPpew,zFqd25aj8xndERtdXyUWOQ,5,1
RMOJLdLHdFai_ksWCMDOoA,5Iin0tl6QJT_TyL1BldtyA,4,0
iTxPwAK3uqAIg1YtB2nFKw,6We2O5X62J_gduXU7jvf8w,3,1
SUnyBS7HB3Nv_C78ygbpnQ,H7rpWv02D6WTu6IpNNDkWw,4,5
Xoqo8B_5bZ_JvmSXt644Uw,HroRqAmZWXywHNUCRsaQeg,4,5
Y8akYgxl9PkE5LsZxwqRfg,r6LQthegYp4q2wx7vz5-5A,5,4
kVbx7_6D5MmUJTEaKeiNkQ,BPc89yg3OecRkHcgukKeAg,2,6
9lKCs1d4AE5eOmtIpuviAA,zbqxQ71SKSXFYyK7EVsNqA,5,1
AdRvifV3wzgvrP9EokXXUA,8R_oemw4rNjJL6sd40O_oQ,4,11
Hqz_L-q1Ax34ihdSMIyB4A,VSy3WK0pRM_r4qgEtkj8Og,3,12
QJI9OSEn6ujRCtrX06vs1w,AUHtMlJ04pzmB9X_fn0Vtg,3,12
X2uF3C3YBD24xcgKA104Sw,Bz7XjJzwXURR-llBhA40Mg,3,0
R1PCyy2n0NLWr1NlTz4fmQ,V9DPZmn2irq3hC-X4vxaBg,4,5
X2uF3C3YBD24xcgKA104Sw,H0IE2OnPSLQSxs3atGEIbw,1,0
Cy1PV2TdYeDFA16mUOlr3Q,FqNXqRSm2-VQc3c32abIsQ,4,0
y3FcL4bLy0eLlkb0SDPnBQ,_-jydOHIsqFMdpHY916ZcA,4,4
rXKjMIo0jVFmUfaqCqDs0Q,Vs4r5pjEwlgt9lUr_6jiGQ,4,8
nyx1upP2fuHrcmAAC9jd5w,as_fyujgsdwtV56n31z-Sw,5,14
EApzjWbLY-s0VKh5BwcR6Q,mMwBFBOKGJedbV1XWYNSXg,3,5
trV3UzJZi2vUSMVrHaDIFg,w_UCGMgok7N9p0XdYBx1VQ,3,9
-gQm-IoK2_BMEMx9OgtQnw,p4JsD_Ya0NRXNdnhbVBs0A,3,4
zgV0ZroIF956gw4cul8MHA,AW9u28V3ktAS1dAwOm_7_A,4,4
rZQCd47n7OwPd71igVX6Og,BqHX49ixrSuPoMaZ9Lzz1g,1,9
_zPT9ZmR5-nUfsprzIiRew,F1lBfCkoi3fYudixIMH2Sg,5,5
NfU0zDaTMEQ4-X9dbQWd9A,XUFLk5rNPuxXHUdJWXCF3w,3,14
qJSO1eF5KB_Fp3D--okr7g,jwH2bAFYAEQw2TqACedRFQ,5,1
0_NugHjqrskiIbWch6b9cw,as_fyujgsdwtV56n31z-Sw,5,14
yrGIgk5eaWy-eewLNv4KHQ,9oAPccHCF0Ke1MTDNfAfbA,4,12
Ctrp5IoEKHkixDSIyYHDpw,NO9nEoyo26BRO_POxSiUXg,4,0
cYZt5VXtRSbtq0SjzigKzw,7AH10sZESTObfbfGZbiFlw,1,5
1g9_rAfoKieVn64my3Awbg,7ejOvDfwY2P2D8TMXTe_Ig,2,0
gpM3v-27FeLrfVhtd-fuCQ,moZAQFO776KIBe38WjiTJw,4,5
sTcYq6goD1Fa2WS9MSkSvQ,aYTOwp3i1MpBt1dDfWp_YQ,3,11
--Qh8yKWAvIP4V4K8ZPfHA,7lA_gA_OqPkQzkirFArKZQ,3,5
alUuOskFSl1bODjnce2PpQ,XcricTBH9J2_2DpkYVGaCw,3,5
Uwu72w77MPox942_GnCS7g,1dXqboUvVXYa1yumZE_ynQ,3,5
116AVKourTNRaX_b_2ar_Q,GNScqNuJ2mmVrq7TYbwxVw,5,1
sEpOSEvfLgatlavQKYE7GA,A0X1baHPgw9IiBRivu0G9g,5,4
ZsUSGU1-L1ImomLZjXxxTg,pmoIMK8zGWvKsVOPDBYfzg,4,4
Jdx_u3PxmXLCOyP_Pkn7Sg,YavRvjbLsvh4DYDJPAfJIA,3,4
EWkQxKg-KOzujC38Z_40wg,DjkJzUYc-1g9PBCRaInatw,5,9
CqkdpG2tkCPQA69umlAHsA,Mv3YLMYrLpSctyamrQCdQw,5,0
1xa4FLohSG-8_-les8WgXw,6TgLfxfgEqoCbANmZqjnAQ,2,9
Q9mA60HnY87C1TW5kjAZ6Q,cs_3GebpYdsU9BDYUtxkiw,5,5
iDlkZO2iILS8Jwfdy7DP9A,fPKLjYJpNxZ0BQZQbumJdg,4,12
alUuOskFSl1bODjnce2PpQ,RJEtBRLJmmji_QoqS6ysjg,4,5
5sCxldXxFjmBPL0z1jGAyw,YavRvjbLsvh4DYDJPAfJIA,4,4
4cHbhUrLXhlKStUpNzBL1A,9AJcD4UfawSSgc5007SWAw,1,1
E_Ts8j758tpiAZknHR7k4g,LDMzekefCl0g2WNybJG86g,4,8
EC4db-oRcSBqtCaY4E-u5A,8e5xJ8LtANtww6fcMM_iMg,1,5
OXSJCjKtvZPf-YPDCXcWZg,SwAZBCyFtVo_8vkRbJhdkA,4,4
xD0zXwapBausN9rwNLAXcg,0QHOkwMc74T35Br83SDizA,1,4
DOZtiJTh6ZYsZJcXgPrdBg,bRcEcYr27qNLQwicz8xHug,4,5
erJ1HQwavgZx4996SMIxrA,_I_N5HrVTXwJLuuuFoUjhA,4,4
fkMiipV4j_DG5nSoBnZvbg,8C3nXIFqwfp9XvdWHIzTsw,5,5
_mVg8S8XwpcP3oB3keL1Fg,796J51vX9eu6BONfDBQMzw,3,6
JGS2cHBraK4VQrL2J3uj0A,KNn7TUf3rf_DfCYYrHv7tQ,4,4
mJJj_SZff6MEWG5Vx1r8Bg,jvBtMCDY5sjYVaQF5--Q7g,5,0
VVm-TFCpi9M1-k8ED0l1eA,YZSKViFxGVWujle4shxIVA,3,5
ZH2BsTXtOrzgNLFGDFsogA,MAGAJsJVpyXREVdYH0OVDQ,3,2
pMefTWo6gMdx8WhYSA2u3w,TRxDx0JhUX49iL-QUHEm0A,4,5
SJHZlBsy0GF_HYRN7wG-6A,0BUXj0J4_Twuy4km8lI_4A,4,0
U5YQX_vMl_xQy8EQDqlNQQ,CDRRGEktCvI8mYTIKLPiMQ,2,15
N044aCKJv3G5WuvwT5AJcA,uz_oEvOowbX8xWEQkGyZxA,4,4
vgyJ_WIcxAY_qzY4bP1Ieg,r0qqCtctSUO7QvvSoRYqXg,3,15
hy4uEHgITEfzxrXzyDhCRg,TylutGFTBySdVLN1eKDD_g,5,14
7M1zIE6OzpySDlqLU6MnEg,FB_dGtCcs59OlD_ptpMIlg,3,11
jTZoauKKi0qgMsSylbDpxQ,SSfhBAt1-5Hu4eb_HZX5Rg,5,6
h7kFt1px7Z5A5e92X6aMvQ,PiT0jyLL2Jwm2ODTDapOcg,4,0
pIrbS8OjmgsT2-NAIt3oZg,Bt27M8L4lZfz3av3ZD6CWA,5,12
Vqe24kM2zwqCO_WKAP64nw,3DTfc6rVaCrxVm0mbSgBBw,1,5
uz1_cds7yyehTPYnrArdYA,pRmb8_tAP5y4YPt_viL07g,1,4
H5d_nFqzwrREE-YduK2ABg,t6WScIDNZIhewtGwN3mgIg,5,11
ACwBMSJzgW6vOvV7vOrk8Q,5VtT9Pf7zOBP2OD5xaKLYw,3,9
EgotOxec2MuH4xvIv_KRIA,QmNHMVapNKdTEvlKjLTAUg,4,5
i3lHb48oSkgrjFuA1t4ApA,ffKC05KiJWMB1ppjOYs9Hg,4,9
l5Fba-9TGiK9q0KqlaNUIQ,8c6hS7MqgJ2ZmZmFaXdSUA,4,11
QyScH8Ef-7RosWQch4Ikcg,Uob12Ft2gp4JqM73926g6Q,4,14
8rI2CoS4ltQePbZceSOgow,3sMcKyE8SjrU3CKgOHs_EQ,4,0
CrEBVkzIQs7tS-wWfaCjNQ,FBGwY9jMSZuP7xEUDAMwqA,5,4
hqZiOnwZ3J1s7piCBUN6Ow,CLBhU0yc2OPoJTRRSdqN8Q,5,0
oZ9wTJLI9GxQEtvp2OQoxg,hizOy2ESSnxJWJdb3s_tFw,4,9
Jk30FjOKfjGDI7dWKRHO5A,C1aGdueHoFXKcy-yaLoUWw,5,12
gVmUR8rqUFdbSeZbsg6z_w,9Bdx6XNqae7EEp39bPeALg,5,1
8vqNp7jqDwjzTgbrIb7xUQ,_lSsSzpUa3iMK1WPnjpOBw,3,5
0E6g9TnZ7tTnfvUoyaR6Cw,ueoRWPGrSoZizl1ngBghqg,2,11
chG_7z0aA-TMs53pzYZFdg,4sxYF7wGRY55Pq8lOSNQJg,3,0
j9Z1dcoZrwn8Ul9JTnjjug,TZmMsbw5TbRqv8rmKj_aGg,4,6
Jne7P-CARKuzTW5jVk6E4Q,oCwJdiYhZS8VM5_LgmQP0g,5,1
JLv2Dmfj73-I0d9N41tz1A,a4SBsNEDCe0Rc8dckfwk6A,2,5
UG4EKu13JRwzRix6ESINdg,xZcy6M1gi478O0lJMcA72g,3,12
ZRwZ3xFwtlRu1p4ydvca4g,0Ovh4Vn9ntMt5Ara-ZP2sA,5,5
CA2Bnb04pIIE8tVveMDdfQ,5LKYxGD0Mb4JgrfXiUVsqw,4,0
sAwlVmSQ1pz01KttY13u8w,8X8CWjt7hnxw7RNoMQm1bg,5,3
Yc3g0KMp3991QIC4Ot1fxQ,Zv77o3aDuNDY0t3fCU2ebQ,3,12
ZS_SiPpiLocKfYNjRZTeww,WzLXKlHrfN2Ml2fKPjyoRA,2,5
KK7e-aAKWbzDsMD9UGu1HQ,PZtY6wMyrVHNX6kfhkL7Iw,4,1
hWDybu_KvYLSdEFzGrniTw,lptw12m0hIetAaRc6mdmAA,3,6
gyTYQo6Cn4BYB4z-McRDaA,_8yxceldCT7oe0wJC-yDPA,3,4
frthTngbBHgSdk4j85HmEQ,bzMlK91Z1g52aIZiTEHteA,4,0
2l8rUzap_-dy3lVgYshOSA,eUdxYRHMthjhPfnp3GRBBw,4,6
eB2NMM2Gl5EMx18xRZ5zoQ,TQqhfjlPVEz41K_wAogQSQ,5,7
j4wvyAJRszwUHhBQWXDWQg,aD0EslPREWGDlSpD0RMlEg,5,4
Jb13QyXGi0zD4ZtSTBQwpQ,A6lT4kh_ReZJ8rSQdW347g,2,15
6cmLcsKtyzDwPvkYckD3hg,CAx9t7jx-l9LfbPKH5PUSg,5,11
Erw46-4d-QIzmj1ULQE0YA,8I2XBrjf4rOEWx7pnKpVeg,4,5
A0j21z2Q1HGic7jW6e9h7A,NlIT4qqYV1YRBCbQWU1eng,5,11
NawGOQywrfergQTqX1sBog,Eoa7Rcm1QbQSlm189p_-nw,1,5
bxBR0vakC_OAU-5rCYCDsw,FSPmH9lxkivnvUMLP56Y2g,5,1
lOZKlSyQa-jSv4HZ66okGg,W9UwtpOVdAgk5NKhMd_tcA,3,0
65yB0ydGXOZ_-T6J_GbKfw,fK1oj0dk9Bc6KsBk5mMDxg,3,5
oF_vwmhGi-JechfnimM60Q,QsnPC0c7-97fDgQAGts-sg,4,14
NJqmAzerpbAIC0-VBclwgA,9CW-rlhVXRSWj2iOnBIONw,5,4
-yQbrJ-pY8g1aJ8i_c6Otg,fRKqHIt0H0uLlD8deiY44Q,1,11
n_TY6rd1wXZBczBaOaK6Rw,EZRKM1wj_0S3NZq97hAnkw,5,4
fZ7fLMqArGTemvXPH9H3FA,TATCbqRSFNkmC_xNvNmmUA,3,5
P97z1taLP-9YAB3QEr8ogA,Ze6zBl0GHkxjCLZ-z9XJDw,5,5
u92bH_49uYc1LCxEjqysXA,3lY3Uwxgcu-B8ybBAMs5UQ,5,3
QfCfgc5PyNVwd_DgPzmeuA,Lzr34VkDJQ6l8oWq9MptAA,3,5
UdalL7y4f8qj4GzlFnO2UQ,9a9xBjlW2RxKxD9RMgmcuQ,4,4
TnhTyk1qfJ8jL2bHpeTrhQ,wJ-961JWdVhJXhWQf4Jlcw,4,4
2e5V6M4GNufEnbGJpVdCjw,IRDF17rbWFWd3E0Dbm74Kg,4,5
XE1HLdfOO0xuINYv6qZ0JA,A56pVm62foWlhXkfGj1uCA,3,3
Cy1PV2TdYeDFA16mUOlr3Q,S9cc8kQLJYizT6Ql4L9vgQ,4,0
qF1V8GyuLL5Fpv40Cyturw,1Lbq92b6B9z1FYk5mS2R9Q,2,4
aYF3NR0KpOkPfMbWIrFzmg,63uSW7_5386a0f2Xw3Z-3w,3,6
7cEi0HM5PYztpGTr0V6oIg,6uL7C_gXBqtDdMIunGiP5w,2,3
Reuq65EOFI938Yg8xgff9g,bpK5y21d-i74v-1ID2uAGQ,5,6
MpuCXcfTSrX513FVfWMa_w,ODTI9W7fHMKNWZ3g8VcFUg,3,9
Ytjon2aVUm09CMdfGJxZYg,G9UlT-mBMdUwoUGCW405ow,5,14
zJH5RdZsRKOMtx3W0-Ba2Q,Pd7S10T03_jwhRMvYrjmTg,4,5
PyGKfcNiEUGIpN-qv33nkA,zU4O55DsAkjGlskgwL-0iw,5,12
Z128ihQea7BLPh2T9q9sKA,C1aGdueHoFXKcy-yaLoUWw,3,12
rdysF0ymVkMX82Bu_8x3nA,pmoIMK8zGWvKsVOPDBYfzg,4,4
DOajn8AtMjNtCZ87YoIlwA,jBKJMUcMuBmHqe5_U7GQ0Q,4,9
PMJ96QfEtDKiweYNkYowSw,MWTiyj9BY21GSOwYqLkpcQ,5,5
U_Ne8BOcLn1iWBgInHVzEQ,OVjBHE9Ic1vNuFJ6oXRq0Q,4,11
ISNbZn_lBKP7w1aGGaVyvw,XfUoM-27iPHkbewPXepmFQ,5,12
VcJrYM0ihuM_DiWlnakuzg,XmgdFa3G_CZVfjtQEJMZfQ,4,5
x2o4DyS9DUUTD2S0vwlDCQ,EZ1ofHftF2hGklADKzm6PA,2,5
mPDz2Ux_QppHU3Mjdd-H1A,E4OkOifDoLEWNd5l3ym_ZA,5,3
eAQq7dUH0H9q1aAQ0pqJoA,CxaNzL8c1itzZ-WhpLo6Ow,5,7
hyJiSA9B91qAzRXvMus62A,8R_oemw4rNjJL6sd40O_oQ,4,11
7KfPI_otF_Lw27dL_y0aag,AWapUDjX0ybACN2smqaZig,5,14
ey-4MP3wXg9byW4QFj2_dg,5dYczQQraSG860uq5k5-dQ,5,14
alUuOskFSl1bODjnce2PpQ,_3lIBvmGuRzry5FNN1WprA,4,5
o4gaI4EdzxJ9Al4houpusw,t6WScIDNZIhewtGwN3mgIg,4,11
l_n89Nfn1BSJENwHy9nt-A,HY8Q_stFNGoTqszFohVeeQ,5,0
bKTB22B8f1o7q25Sn8aN2Q,-ZppDJFo_hFkGTJXrWVY5A,2,5
qlC607Cyp0Mj91vDFvkp3Q,BbywXzvF8CGg0BBHoXvg4Q,4,6
8prr02BTumjFLYSLmMpO1Q,DbEszO3wk1xVmN3pCPob2g,5,4
d0D7L-vfQDIADolnPAcb9A,EafZ9d170S18zqd1qs9MLQ,3,9
EooPlnjGDXVbrWAb4Uh4RQ,O0gxkdh1eXMJm-6R7TzYeg,5,5
yLzdPSUpE8Oj32knKd8Bzg,HdrNFxU13wntmKQqH8o42Q,4,3
lzQLHoJdaMNwiNt76wrc4g,Lnf-4JCG82v4YV02Cu2kVQ,5,1
fkMiipV4j_DG5nSoBnZvbg,LPGXfFw6H-fEGI4Yxx679w,5,5
gSLQ-2A7b_d1JmXzN5jFzw,NdvUzwz3jAM7Hao_UPMu6g,3,5
i6V3NyTdkBVwPpH7r2BINA,XmgdFa3G_CZVfjtQEJMZfQ,3,5
oun0mYYfNFFcTZLD3R-rmQ,8Z9kijurkcRurq3q3w7fPQ,4,11
lkPYIXIsaGfdzHttDJ6KWA,7vqfdH9T7Dzy3IlR0NxRXg,5,2
_4NHePAXLhcloTD04wqpqw,Pp93J9-VPxgEyMBB-NhUog,2,8
N3J-41OHb87d-d395bMDmQ,12RcitsYkySmzeNavoNP0A,4,0
EgauZamsAjYo7BQMSr3srg,22s3ch2Q6UFAEQ-lrqHhGA,4,0
YlJMnpwpOgvqhxI5t9b38g,4KmrrhtfnngTVFa2d5LAjg,5,4
QeZmjeEefdJ3bdbAeIHfWA,TJNoCQ-iFkHQhVuRpEjgFg,3,4
Xxvz5g67eaCr3emnkY5M6w,s_g8e7KLKhOwCP_sPiBcvg,5,2
sYQyXDjGaJj7wfaqz5u8KQ,2O_ec-By_tho2KeXvcnBuQ,3,11
hutJzKEYHuVq6CP-XSARgg,UOk3pzcKqk5gcDMcRqQdHQ,5,0
XI3Oyv7-Rhf9gy6slGcFAA,4pxIMdUZKS1PsK4aVCOhPQ,5,4
2p4fflfxXmntSFndrD6RQg,SLzllAdFS6b2yiRfn4JeFQ,5,0
_jjbwHWLFA5GjWFWGLj4ZQ,Ci08SoZx5MTNi_hmpH0rKQ,1,1
y3FcL4bLy0eLlkb0SDPnBQ,nvEMLcfkhx_Eo6wDvFsLPQ,4,4
bpgbVPJcG-wQ4cNBcPPIxw,FiFDrJNeUUOL4_ADZNekjA,4,1
8SgjU2fID9VqKQooFt1DIQ,PlTdQdCWu2_hjbSuenB3pg,5,12
qmSSQNWodZTVCFAk6mjYqA,AU0A_2XPYpuSwOmJDhzW-g,5,4
FFFeLM5rk29RZn6FmGlHYQ,1NyHpXJqSLHnvDCOW0nJDg,4,5
656Y-LLKJMBNUBkuRB4SyQ,HaBNgcFkE4GggOoecDaSdA,4,5
A0UVmr5DAVr6rQJYIfNsDA,YavRvjbLsvh4DYDJPAfJIA,1,4
TCPLaprJm4FFei2DkW6K6g,AgE33nKGtNLQkCKQBW44Tw,1,1
M492mUXwhtW-hU5ydHFFQQ,y9OO_K_93YCI2p4QjrmX1Q,3,0
X-_beG5LdIBgKyo-UeGJRA,q0fJOJYvEATNecLde_KpYA,5,11
Tdv7HZa4Hyjm-X0MtNmeag,JyxHvtj-syke7m9rbza7mA,5,4
DK57YibC5ShBmqQl97CKog,RH031_bmo80rTPvqr2FLyw,5,1
pw1Ss8M2_uiFfH4xDyKjtA,AKhyVVdettT6M-ExhYKHdw,4,0
dERyXf-mY20O8yTJVK1diA,1OmJ3wdMD_h_W95SD2piuQ,5,15
5Q6Mu3sgi55wkqbbtr5KjQ,3S9oxEiwPLUb_FLYjhaceA,4,15
Ytjon2aVUm09CMdfGJxZYg,l0y8gpjPM52c0kKVU7z6Kg,5,14
VplL0_kZZusr_zAggT4mDQ,EQ7PtG9GzraQ7kYi0j8geg,5,4
5ANQiGT0d0RWMJG1LCvNWA,Hr0jdhjQm-_3aMWJR1TqTQ,3,12
qVRavGPFSpCarN21vCOHRw,kqTek_oBEKOKpIHI12JYhQ,5,8
3SGzrydxUWTsGd2zhMfAyw,6LHfiEI47tSTlGEzDaX7pQ,1,6
TK7208ZMWAERUUY2dEtD6w,eDlgbI0Qg_mmI-Osvci0gw,4,11
IOTZ0XTALPJltFaQNVg4HQ,FiQMaxSl_4dc7FAAgJ4CBw,3,0
KPY6FvT6h-r0W0HAC1Buag,G92zFqHIUu6VphlTB8FRkg,4,0
bhJ6ivAuSpgXP4JiKWjSZQ,R-Me-p4Rbb0q-2pjSzyDbw,3,1
knDrH7HggUkpMSO92bzJLQ,IZ611uJBaWPAf-q0R37Nmw,3,9
BBLpIfJSBQPKT-KgcUm6Zw,wT2vkqv8F2alP83g7HOdAw,5,9
CqkdpG2tkCPQA69umlAHsA,FGm7041jljKgeGW66QwNoQ,5,0
rPJZ0Bh1Dj-Rw6Yu3iQwVQ,rubckw-nGtSDdhUiz7gOXQ,5,11
DEFk299pEBqKgUgQ703V9g,R5SvHm0lJf3hlI9R-TTyAQ,3,9
VnKj044Tt5doqaVDIJbWsw,8PwwIQiWgRd2vRFVJihpJQ,2,5
wnFWoQ63F9-ohUQ-C0AeIw,gG9z6zr_49LocyCTvSFg0w,5,6
Ha99eCK5P_egeio3E6s8lQ,Dqz6wpV1Jg9b2djjMamjQA,4,11
1KWtGJbqdfm5Dhz1eWi82Q,5nW25EqWyRL0ubksNfkCiw,5,1
eGFyLs0W0FaOlIIvZtPGbg,X9cwtnvXUXmBvsZCO8yL6Q,4,3
te3GHRwfjF7wKy_gH8q_8g,g8OnV26ywJlZpezdBnOWUQ,4,4
TDOF4SZAh7MsFgfshOL66A,X3p5eJS76zEeIfPt4SOADA,1,9
RlLgB1KEx29dUllGSmuKaA,TCEOq0IoCW76Z7J9jwED9g,1,4
j6wLUT0ZXi-x0otelYIFpA,Sk_goTnoF47baNHScn3LRA,4,5
83zQAHCvZGYgm8bjQoJ5wg,Im0hMcWaqWIzuBM8xILDsA,2,14
V7uS5US4oTf-S9u36HJQCQ,Cj6FN6h8EZWTcPB3h7I0Ow,2,9
FPEDwrWxK-CPjlgJM8r3fQ,g8OnV26ywJlZpezdBnOWUQ,2,4
pXFbXy_8S36V5kzicY15uQ,0FPlueS5F6l5xIf8Zw8iEQ,5,9
QI9nOMCMXDAIs_UxWcCwiA,DF9ffUVfpjYYF6_5ASLg4g,5,0
o0WGr8L3BWfH2Bslpnqw6g,bR9ssXGyndYiggzyU0l_0A,1,0
ESBXYiZQJcXNNAvRki-IiQ,KM3xQMiEdKNPnFXfRksr3g,5,4
TbhyP24zYZqZ2VJZgu1wrg,_w4Ph3uyYd6nKtxt_Gp9Iw,4,5
mrru6hbeQLvagU4vkfuqmw,0yZkGtnjZYxdW39aaKKzQg,4,5
RlUTgLcYzRIj66b_rxDRiw,7JS24_fBJgndWSjUfslS_g,1,5
eKc2gY6fPaQy3zNsbIYDvA,KBMiAakKU5jeGuzAGeOZ-g,3,0
LGfDJMfXDDj93YUfrEqEhA,DwoQqxPvxsskH6ay7HPP2w,2,0
wOSHvuJEJflUEesNLno51A,Rhh2B67FhtwGUfWaaOzzVg,3,4
B-60XQ_fR72PevFzHM-ieQ,EafZ9d170S18zqd1qs9MLQ,2,9
sM-eevGF9YOtgVSLGZiRzA,Govw-1CsGbrDQq2Rrc9JHQ,5,2
xDKZdAN37c9OZyZ0jR9ZfA,PSUOncuqfqHulYj_fusthw,2,4
py0z_7LqPf8bXgrC7XN7nQ,CV0knwCFA-x-8jJHot6Few,5,12
EO7HvqWL17gHChsGssA7Og,d5Umy-vSQBvE7EXLCjbeNQ,2,3
MycctOER5yZtixDL64Bz8g,2eljvfKMQkqFTp2XpYCycw,4,5
4IlFpxJ-HU1iBKo89WV7IQ,W3YejsFyM7i9nnK679nyfw,4,9
d_TBs6J3twMy9GChqUEXkg,MCX_cBs_LUqzuUzd-hCHCA,5,12
j4wvyAJRszwUHhBQWXDWQg,PlTdQdCWu2_hjbSuenB3pg,5,12
pQdIIsbV5dGOVz_kWfMRTw,OTTT7VOV9Lv3gWKOJObGsg,2,1
XkrU3KBGuXkuUeWUzK4hEQ,63dCBZQILHR-QogyKXnvXw,3,1
LVuXdN_e8BOkwX_oHQkZKg,OjpZ3piwJ-ARzHeUVlngTQ,2,12
ePWsbOWDTJcgIus-BFuKpg,B3omTXI--0eiBC7nCv_WXg,3,4
1TJNKEl2k3NuMLICvjJdUA,q4P3WHwC0lFafwvTlkKMIw,1,9
CNaaizAUc2c4WIb1M3BBPw,PQQQKu5lD8F0Rg9MxrGcgQ,3,4
dM9WWt-uMcSdAYBglSrbkw,7Oi6eT_-h_9JlMqRsEdt3A,2,0
eavBO3KRzBf8sM6KGa_-NQ,HxcaMGhnw3VtxOsrTE4Smw,5,12
jVvKhFgCTW0PgkMbiCkp3A,AUhevEi21Aqu-ISgaTcv6g,5,1
tpPX02ht1qOez80Q60EM7g,QMI6A2H1N3SwKU69SiASJA,5,12
XybrvLEZUD6lJpsy5P3gSA,X8mtoSxY8whtmbDlj0D3Aw,1,4
ZeiM3Uspn6CUThUBt03JSw,aIROM-CabWZlXP3yBZsgrA,4,0
cqDBxzGz-fcN9A7IA-7Wdg,5XIIUcmBADuz1h8W0QztVQ,3,12
puKCWAzXbY4QfpMBOkVEKg,4BZwZrm3atfkDkc0gV3sCQ,5,5
rUoh_VYfSJenyjN0K7JVng,qCGTR0waG25eTs8XfMM4pQ,5,0
0BBUmH7Krcax1RZgbH4fSA,fK1oj0dk9Bc6KsBk5mMDxg,4,5
HBT4E9HbG-jIKQoG75VBSw,5XCunhx5uGIdzOSCAjEEWg,4,12
vzTikzN4BrnIS_eLxhDpfQ,3XBlOLsfH25eRHeV8guQBQ,3,5
crsofThakzXFjJLr9q1mWQ,AYFIMkpCeFxy3SsbAuOhww,4,5
BwFEjsr9yLqdszAmAxFYQg,OcHZMxSYubLUg64aBU27sA,2,4
Reuq65EOFI938Yg8xgff9g,KwqWSF4o7Jl30hBclJB2MA,5,6
URPjW8ckLuLDLR02uuLpTg,JfHXzulF6yIKgA22YYPedw,2,11
hhfpk1CbgBfe2yMiK0ufmw,aocEcHL7-K_FRY1VpYaRLQ,5,3
ar3p_DmU7GA3Y1BZa8SENw,HW87OtI41rtPajSZ8qyHJw,4,1
q6AMn2HPGYVsD31NB1K9xg,Ld8YqLlCpoL2xdtIpLauKA,2,5
CjhTdmN6qWEKC7Zo6qadow,NKm5pBzfks9gznBXs9KqvA,4,1
n0FSYxOyMgNZ8GFTP1pStw,4DiguOb--Uwt19t-u9IxPw,5,0
JiqUeiXgugNrmvJEOx7NyA,M51gw2cz_vXarNBLbKkOxQ,5,4
UVVzF9WtTkTODPBTetJUDw,GIx1awHeMv4drFpqz-1t7g,4,4
g0TZxskklAHbrDchenpejA,Q4FdSHU4wNZdQFtEChz1Pw,2,1
Y3nbyDGRTYoYitCN--c0DA,4JT8hmfMZCpAnk26CdbTSg,4,5
EA-UgJmd-hQ8RBn1odmDJg,wJ-961JWdVhJXhWQf4Jlcw,1,4
TjsBbWAfwxWEXPxaLNv5SQ,2EJeW2tHqNbAIxoaJ4tMbg,1,15
7vJT5yNQwoz3AGDzYdj1cA,1oVjBJh3fNfy6_MTdP9HXg,3,0
Onc9MREeI7NEQc3Lvtm-QA,RoVAQ5UZIXZ3aGGoO3ir0g,5,5
jfUTkA8sIhiw5ahn9-9HPg,ES5KDuquIk2h4_VsgoUQMA,3,8
Oixv0VgElz8pxQFp2lkdJg,cYxcRwX9TY2FWKaRYyrqcQ,1,4
2HoYHTUjWfmY3vHruQlDhw,sgmQki4RpkR9qJUOPaph3A,4,11
wxeTtPILiMl1L-yBB-D2HA,Gh-qmVwvibLnNdqEZXcQHw,3,1
_pBzBgtCTN9PNUPfgPDI8A,e0JOkQYz_cnz91k6X55PLw,4,4
xPSXDnjJ_oXoVSlkvmDItA,TrN8HBHBL4-Tu7cXMDoopQ,5,4
nODk_1cOo7Y6ceMyPN1iZw,46F7TUZ84GrDgZvkPPuL_Q,4,7
YLuB9kMN-wY7T7s9PMtkwQ,wMiGwn4qPvEN17CaQ3Zi4g,2,5
DprJbp9xeq1fSkSQI5S5LA,2tFjy1vq0N8wK7_FziB89w,5,0
PEN-Ttdt8r2MEk6Q5CnYbw,6Ljr0VgQpJOWJG6dlph9Fw,4,0
5CgjjDAic2-FAvCtiHpytA,Xr33-xmuzXS_YOojBwYZZg,4,6
CrSf_jsmD6FKqHKVbWouYQ,1cLXGXThDYZ5WK_KpBLtkw,5,14
cCtB72I6FfLDcU7Zk67N9g,bCD3cSKBmFYh5pHTZHGLng,3,12
fr0Nen1J499HvNml3_6OYA,hrGcHSiwMUjyotaJcQ7f0g,3,12
m7bTLQo6u3PwdYyj22ITOA,e0blPZYr39r3ohUDFA-MnQ,3,9
dwTWR-ulAt3gcBn7lK51Kg,YjXz30NYKCPDEup5Rlpl_A,5,5
qlC607Cyp0Mj91vDFvkp3Q,KwqWSF4o7Jl30hBclJB2MA,5,6
LMkFulPXQHRGMAaJSPUyVg,1oVjBJh3fNfy6_MTdP9HXg,3,0
3KkT6SmPFLGvBS1pnDBr8g,GE4ayzlAHlTJEYnRAojZyA,3,9
XXKjsdglgwSs9kWtK6ZWUQ,FBGwY9jMSZuP7xEUDAMwqA,4,4
XMy-OTpVY8O1L-8w1zOKcw,HjbkGLHA2qpzuosrHInJEQ,1,1
GDeoUHALgyqK13ewN92Jnw,hrhtWc8UcoZqYr2d7YPgEA,3,4
8DBH3BpLINfTAK_Up5BtUQ,MoaI-2jJCVoiSD0nCi2qdw,4,4
oZyiiNdA-I5zk_EHUmGRMQ,MUY0XFPzF1iTTC9xRgoKzg,4,5
sf_S_Va3hg92BtXCpYtECw,8hK3Kl3NJdpDTk4fu9ymTw,3,6
X2AiYF7z32_0Oitl4aYXwg,gjSOLX7d8EmbMi86Me7s1g,3,9
Cy1PV2TdYeDFA16mUOlr3Q,lv6R33SP67U_069_WwsLxg,3,0
Vd6N3Dc9rtho-hOspaKQSg,0CaXX_gZohiltHDhvdtOpA,4,5
5Mujjzv-ZH6HhxT-hWCpVg,iuBq9jufvQvoOYOIwtn-Ag,4,0
4eR6hYFJcBHoAqhuOS07ww,P7pxQFqr7yBKMMI2J51udw,4,4
Enkx_H-B0jp2tRLl84wOiw,Jzc4lKBUUNo_DD-9aQJsbQ,1,14
GrUCjpll6wTlcEhjuabHTA,m305DapBPrW4zwF20KbFoA,3,7
SDAjElWg3R5x8AGo5guKRA,5apdm04cXW_4r_ShWmC9dw,4,15
lCmvpQfFpdxhbWVM59eUCg,acjRuOPMsZtoPbvuADvVNg,4,5
wVCT0cTk7GtCDL7jKl3OsQ,aZG9Hp8fdgzq37iuB1QTYg,1,6
-d2daWmftYumOaYpbD5D8Q,HroRqAmZWXywHNUCRsaQeg,4,5
LNPyE5X1K5B_flcTCH9StQ,pRmb8_tAP5y4YPt_viL07g,5,4
ILe3tzgnbGSaZfpArtJdjA,qSoa5Nzad8o6vI01Q0TfLQ,4,8
veeaBpjDwo-xfHSz3z3PWg,Ti-SzzMmBkb98LxCc6M7Ew,4,11
nB0G7GRthPlFljphIs43mg,UOk3pzcKqk5gcDMcRqQdHQ,4,0
7-ahDxB3qUg6nf3tvfG5Nw,czbRgBI2_JTgnRbgZoNfRA,3,0
Em4XpeXTKXVy4GjBL291pA,Q-HzkZU2li266T8y5UvXpw,3,5
6j0ZYV56UrMgmZaFp7rGTg,eDlgbI0Qg_mmI-Osvci0gw,3,11
GN3wBXDaLLmY6Oitfy3T8g,DowZ5QYOoY8OWS_DJKk3wQ,4,0
ljdo6-BZlywsF5RiGd5e5A,T311gNM0HGVindTO9Wpb-g,3,5
KPY6FvT6h-r0W0HAC1Buag,ApZpHQf4H2Buf8OYF9mjuw,5,0
e3c6w6sM8sJ_g0IlF6CSog,5XqlvHsByE4GFgTZtZDXgQ,4,4
YpGt3hdq5adPlEFn9fQ2Zw,_IQ9VXQ8WsyLmhw6HkGTHA,2,12
UMtzvn7jN7pA0zSNlsyVgg,nO0UrzXWSzWkghUGL7fxuw,3,14
2jKzO_01d12oiu-2bOYcYg,CwtjAViLdvXurW67H-7G3Q,5,9
XGpFSMH602iBf_kG9p5DJQ,TylutGFTBySdVLN1eKDD_g,4,14
PyGKfcNiEUGIpN-qv33nkA,kRgP3LxO2ugBrC1YpWLncA,4,12
Apj8bnqWlnaiSu4YDl0wDA,GNTD4cBdmdbBlP9hMLoYTA,3,4
5bT16QvBp6t33vIfqtJahg,jG0m1-899xwYY3IXpTRRCQ,5,4
Eg5niduTCVnaIBzGmoLiVQ,PlTdQdCWu2_hjbSuenB3pg,5,12
yxplUTyzTXGz0Fj1doXWcA,PBsxfsKbNHDc_efVYUYbTA,1,0
G-jkC1pCLGrAyNWg_xkA4Q,k9rR23TeanYDFEdqUK9Hjw,4,14
obchMlP16GFOlyCVp6Ruug,4qqkgaOXoIgniMqbEiqqKA,1,1
cMEtAiW60I5wE_vLfTxoJQ,dimv16yFu0JXR1n1SAqedQ,4,1
AxmL_u4nzykgtfMY4gwN3Q,HrppuvgMdHCCWw6UObirrA,4,14
gS4QCL6j_umAyfJXBGAZJQ,A6IF3oOUDnPMxNQmFm48Yw,4,5
HHrDK8PKL3div1uBYym6LQ,3Pgu3P7_faz_dvHRMHR4sA,5,1
5J9F7TmbgEAznoQ2T6tbRw,PlTdQdCWu2_hjbSuenB3pg,5,12
frthTngbBHgSdk4j85HmEQ,YMipxiRDk0_AgzagXMl6bA,3,0
QJI9OSEn6ujRCtrX06vs1w,ePuI82bOFEm7Lzb5NDSe3w,5,11
H9KDhauKzrKr8Z2NjILigQ,9toyHY_tXx4eenp8Oxmmsg,5,9
UDFIZXP0kOb2xKoYToTS6w,LDMzekefCl0g2WNybJG86g,3,8
qIYQYcJzIafdOoZW_zvaaw,0GjkNLnxWQntuS3EGee25Q,5,3
OmzcUDhM1HF6C4emuadZFQ,qXKGW5hvNMRVb3J0Z3cSRw,4,1
IpM81U2LL96T9lT4hpx31A,BkSMZh0vR_X1Ad-cKouOyQ,5,11
Z4LjGuS6LGmSijnRB5hZBQ,Du8gPSC88a9OuY1Vk0b52g,1,4
_Ab2puRl7Tb9rlgOuPZJQA,a4h-kv9wUr9IMazXRUsCvA,3,0
Xj0O2l0bp633ebmG468aZw,QPQURPon-Pk8bEJHSGSJFQ,3,4
yfXqZkU5iXE07GSHzdsQBA,7dFgaA_Bu1yvs42mDmjRAA,4,0
1WMkREeVSBvXZ6QON44ucA,NlymcSxDnjtCLyGvmMoyFg,4,1
SxV1Jq7UANuSYpn42JXvOA,1oVjBJh3fNfy6_MTdP9HXg,4,0
YqMpcRUA0OMw1WNLDGoj-A,171c2z28JaSYQtWimiZ62A,1,5
LezdKJ0obJhhsM_QlmCQiQ,dUffgo9Lh_Vk9TLuFR5ywg,5,12
WANhIVSoD5oIIu2LfKx5Ig,m8vYdMqANt1fKA0N9zKrkQ,3,4
fx3jHjZBsNykO2WBLyEZag,mzJdFmIraBosXxqg0_iyLA,5,8
6-g1Aw92UoDijvc4k-wWdw,0u1Jd80kgwOacJ7BBcCksg,3,5
ny-CJ25tLDl8_Oi7j-lbxw,dnL3yOplcB8x7-aVOpWD_Q,4,5
0k0PQctiUZWdtdBdDSp2_w,h7Lc-poURE-WgcUM4DffwA,3,6
SHC6S4tOKzCh_HOGabLZbg,LpEN6lnHYe5zfiaNQ1XNLw,4,3
HikPdCQGk1mk5JsPjur7Nw,wqHpFkcZmOD8A9eNVRFLNg,3,5
jyz8-hAPGRjurBVp9DST9A,lWs0O7qTmpPBF0vsfo1pkA,4,11
46TNf-5T5EcNFRJPYv_nrw,EQ7PtG9GzraQ7kYi0j8geg,5,4
oUE-E24uKX9WluyW145ndg,FNroBu0T0TmmMwLqNZqvaw,5,8
GlxJs5r01_yqIgb4CYtiog,PMH4oUa-bWELKogdtkWewg,1,15
quH7oYf3C-_klKjP-cklCQ,_VrlM9xNrmMrs_VebgEsmw,2,1
mhooYH8X0Nq9JAvTMMSyAw,YuBeRmlrnrgqv6Pu50D7Qw,4,11
IjgzF9swWThw46rz-Fx0bw,14epv49S1PLVkaMGkx1znA,5,4
dk9GzM6Nni61oBdkETDFkA,HfagQNcFAdexV3ZdifSWQw,5,6
eavBO3KRzBf8sM6KGa_-NQ,UVvQvX26NWynGboRTuVWsw,5,11
8la7DygWKVkfpDatXztktg,f4kNNLU_0q_2J711jCN7dA,4,4
i6V3NyTdkBVwPpH7r2BINA,DQFuOd8tUebBAcV5iTGfDA,3,5
vFTWPOBuSvwKniNureeCjQ,8olG8J91NG_QU92WHG5QfA,4,4
hnzGNcqwSZ60nkZRytlubg,6Q2DOgrudAtGtzaCPmCw2g,5,0
uq_xDJi7cmZ9wLE8v3X4Bg,mJHoOJH10A-cjtRdQCV6ow,4,12
RNIQdiN2RHamTGwdq6PXqg,H0IE2OnPSLQSxs3atGEIbw,4,0
u47LXIdE3oSrFXn-V7LKQw,7liOnVUYM-J9-Mvh036qUA,3,1
cUrPZJfqC8hYw-u9AbH8Jw,2iTsRqUsPGRH1li1WVRvKQ,5,4
SRK_sUnvRmMwfexoL_DLQA,Cd2ERofxOeCbCi-0yDs0aw,4,11
bAxtOfFyhgvyHwK3gkBUrg,TZmMsbw5TbRqv8rmKj_aGg,5,6
u6ZhyLayoG2zRM-PlWI5NA,xGn4RxYKA-RYdE2hukuyNw,3,4
cZeMCY6vrQkFOgcmIbKspw,4FG5TQIliBIcx3ju5uCZYg,3,6
Tc9AtxUmS_fb4Jwz9YBh1g,knJh7agyWMdPyndI9dURjw,2,14
xH63knKaVhclXU2gSP1q_A,Kuv-QSWUtOm5IjAxcFMl8A,4,2
HVJgTH5qu0goywOHNpOjPA,9CvmloHA9I6hNX3jcIXIMw,3,4
WMMI5Q4Rmm1Rqdu0jOvyhQ,Vxv2scHFtClsWGuA7jQG-g,4,12
TjEQPb9wO9x2SzhKqM_Vyw,aTvzqD5Kot4vp3vOnDyrTw,1,5
qgQ4HF1cxLJ9Otr8Phrjtw,c6f8wBjPLDzyubEBqgcMnw,5,5
NgSpXzlEm4soUWQbqykUzw,e62KCqoq3qQm0nvt3s5UAA,3,5
z6gseuVl0cR7tRLQa_DXuQ,QVzZeu36KN7UNaFY6lBKuQ,4,5
AdRvifV3wzgvrP9EokXXUA,G8vo5r543nQyTC24VNpBIg,5,12
Dqji5fRROkLc3eNMMQOI_Q,P6SBB1EPVJ6VwVnxuY0mww,3,0
1K6hZMMBPusLvjtx11Y4NA,fPKLjYJpNxZ0BQZQbumJdg,1,12
-BJTaybCScNgY73ph1TE8Q,pqA05iS3QlpEVQlnECcSwQ,4,0
Ou4BjdfuERdzcRN_tMhq4Q,5VZFneSINtbXhxPPiedXyA,3,0
Kl6jNDAE7PG_VVQafIptxQ,hxdwAVAeFirdgllJLK3zKg,4,5
0N9bSCmoJMoGmR0EldzjQg,gOtY-I9lvbyOUShbBhCChQ,3,9
J6E6NSpJqMBib9ydbchicg,R-AYeBycnm3eVlQMifH2xg,3,0
3r9BVzKJ7jA4SCDgjhBzZQ,JyxHvtj-syke7m9rbza7mA,3,4
4PFwh5zbgyPhTGRtxkSZZA,p6FWwiJCg-nEf0sRfnaToA,4,4
bqZ4gpGRgZHRfaqII1w04g,qPc_J2M56_hBHvqpncNVfQ,4,1
Reuq65EOFI938Yg8xgff9g,eKWop65yuFRJtnevX7pTCw,3,6
5Mujjzv-ZH6HhxT-hWCpVg,Oe5vJB0Riwg8RetgADqZMg,5,0
T1XUUXIEU5uj3NmdWAdIlA,8olG8J91NG_QU92WHG5QfA,3,4
UvIb5v3biEgcxWKnxf0ocg,8GtI_5mG3V1e9vDODgWC1A,5,0
lP-zgc1B0ZKosdFkAJM1hw,PPubJ0Nre_VIody7aj_ALg,2,5
g9MYC0QTNPPmbIdrtdan9A,GTwQgfi8DN23D9fMURYUdw,4,5
i6V3NyTdkBVwPpH7r2BINA,ZNk4hO2EOVoSKcCBSwH-yw,1,5
Yl7OYdHuYmr7K-IW9_ayng,9cBklDZJZJFGY8_yIpRRHw,3,5
qb-8RrNbVj-3WkXYuxpi3w,a5QDNEbhGXBuwBPsm-Kb5g,3,4
V4TPbscN8JsFbEFiwOVBKw,DSh8E3ET1K5kB-uM3N9nhg,4,5
4fVpNDKn7mYEPr4zJPBAmQ,aIZQF2UCLv6ru-zsPK4H2Q,5,1
O3XjODRlHC6tyIMddOgEdg,ZwKUXfZguhBD1zsfb0RLPg,3,2
mXkmKZoDw1VIQm5kWBfPGw,RoVAQ5UZIXZ3aGGoO3ir0g,4,5
XuCbLgo9j1q5dDh9251vkg,EymqeP8TIUmVW8o7HXuc5A,2,5
uh-FpNh4a3gxZWS37rjMFw,eRNDudpCqrDuRaz4-reNOQ,4,0
G-6X-llgA_qAxGxocykHzQ,moZAQFO776KIBe38WjiTJw,3,5
IY8cvV2SQuhJjKhRW68tFw,B7B5q1zl4Mk-i0LY8-tjaQ,1,0
EC5TGpxONfz4IZIjML0DpQ,eMLvsFmMFtzTaIn1LJJbdQ,3,5
7cgp0EXG11v-y4F6sDU1hg,ni4ppUp4oHq-OSSCgUIGiA,3,4
htzxDWzRt4Xd7UGy4t0yAw,gG9z6zr_49LocyCTvSFg0w,4,6
BrPQv_hx541xvHquJwD-vg,Mksyt1TZQ-7vzCZjeuzfAg,4,5
oNJmVhs4PsgjVW3fSRqEPg,6SiPjEfeWnxbrg-8hXBRxQ,5,14
TCPLaprJm4FFei2DkW6K6g,jY2RWYyP42EhEtmhfQrnPQ,4,12
SnW3DwEKu_LWeuYnS1AMaw,YavRvjbLsvh4DYDJPAfJIA,4,4
41kMyI1BfOTyIIAenUSaTQ,IgVU8QjG5Lm0HUpGRXjtRQ,4,8
yMiikE7cpVyVLDnJRClLfg,Vbkb2shDxUE8H3PzrFnypA,5,7
TYCkjEHPSJSnFb6m6GDluw,CIxdc0XIFOf2NyuZga8x1Q,1,12
KM3XouNN5YN255fIK92yRQ,NMO1hExBvamoZ9RKEVNcYg,5,6
b8eAkbojUIYk4toKSPTXAw,SWmIqR3MUynDKBrPuNv6EQ,5,12
eqWEgMH-DCP74i82BEAZzw,AXN_rMqhuf8j67X5mxTSlw,3,5
SUnyBS7HB3Nv_C78ygbpnQ,GtSIihHmey3GLUD3-Hk4yw,4,5
IVo_5i_pBbQGnlmkvKRk-g,Kf5XW-yROV7KIcQx9g8mjg,4,12
AhoxHm569hH_PRkoegDwcA,Ge1JTxN0ytKncaoUsiUoSw,3,5
4krT9JxgkdxLKo7slwOKkA,O9J0XoJR16wWbSZpXs9Uwg,2,4
U7NLhaVfOJrHb9XLsZbJnQ,3YjPlOX3VHzKguHetiR_3g,5,11
Yl7OYdHuYmr7K-IW9_ayng,2Q_MYMc2hLeKQA7ZC8BQzA,3,5
9RGIvzCGHp8ELF_JgAlbZA,a27RestEZ8Zq6we07otWvA,3,0
E-rm5ng9XW5J3siZzBtHLw,TwVtAAGoD_AEGzjH--DAyw,5,5
zF-hK3107dbCR9vW_kRTWg,iuBq9jufvQvoOYOIwtn-Ag,4,0
RTz_E92YRqSdtbNmd-yxoA,0CZ4opKkec9yAS8qmXoWdA,4,12
bLbSNkLggFnqwNNzzq-Ijw,B3omTXI--0eiBC7nCv_WXg,2,4
xXQTdJXPGOP-NUYctcQw8g,1cjrgvTeGySttZfZIxPzMQ,4,0
dt9IHwfuZs9D9LOH7gjNew,d4nPmQ0tlv9fWT-mU_qpPg,3,2
U4INQZOPSUaj8hMjLlZ3KA,QJhwQcFKtBn8EahP58nh1w,4,5
GRsPBPJ4Ckx4mpm2UbzWsg,u2AHaEISducnfcX5sHwOsg,3,3
2TAvvTz9E6AOYObB9OOjaw,jZ_3vs_RtMrkZbol1U_U7Q,2,12
DwS5fvL_BR1-uUaafGTkOQ,B3omTXI--0eiBC7nCv_WXg,4,4
SSpcxg_dCHV4lT5euanRGg,4g3IsMpBLReHDA5JatpPzw,5,12
BGzavA_ddMr-jGmhArv7fg,YHE1PS0mhFbwKJm8iJpcuQ,3,5
WVrpB67n_U0isDyY4T2Q7A,FRn7N1rikKVEMTksujiuQg,5,3
SOLGDDEYDcdCaOX2gd4HVw,FRn7N1rikKVEMTksujiuQg,5,3
HTe6E11xxgu-whSUB3j0RA,F6Q0crsEVEWsfgSpbI-plQ,5,9
8f8f9pTEJ6pGK-3qOSU-QA,9eFyWPJZRKFT-nkqK9hXWQ,1,5
Wu0yySWcHQ5tZ_59HNiamg,Qypi3jFG-DAfC4gzdLsLaQ,3,5
8UPTxp6SXvQe6JoEbEGcyA,U3NMWWabyoMw7z-PB4rH_g,4,1
n1MUh0PfMHdUmDkB1hXSYA,fAdy9dDg8SqX4bhCY8b1lQ,5,4
-TY8OmgqWG9i2xlgEhr8pA,8swZ7HUPrdoSIij8k2a2Cw,4,8
tJ1qdNdG0tZywbgH9uw9qw,dUffgo9Lh_Vk9TLuFR5ywg,3,12
Cy1PV2TdYeDFA16mUOlr3Q,NbkMeO0_nYIiXJX76ojmcg,5,0
xJafm7vGSkUI5ocgYkCWkA,4FG5TQIliBIcx3ju5uCZYg,5,6
0IYUEBzQR8CjdWEaFUlOSw,YavRvjbLsvh4DYDJPAfJIA,4,4
uZM3pJLXJwSmHBabnRSFyw,16cuSg-2H3HblqYOIqEb6g,4,3
yK6wyLZ2I66B5-MJcS88xg,EuSQgzvizqRLQSoo6rC1dA,2,15
noVB5DyNa5dEXPhBv5D9fw,5m-WYdtIUgfvZdStqmSiRA,5,15
0jLyXYnYYw11QYaz8nv_mQ,N5B7OBTyNGgwU_Y2fwNcyw,4,12
ObQl16Vuc4sHPGKtzSGNUw,e2ApirIzYID9xIye0r_gKQ,2,4
guPVwKjuhAih85sfjTIkcg,9AJcD4UfawSSgc5007SWAw,1,1
n9-XwgSU74qTFdTCN5oreQ,0xbfoylmBOjoKKYDwawTkw,5,1
i5Z746mRboSt7shRDUg5Jg,I4XlqNFX4vxd9b6kvEBheQ,4,15
3-IFIH-_36XLPhhN7jljhw,m8yyEHbOzaNsa8sTCNHxiQ,2,12
UYcmGbelzRa0Q6JqzLoguw,YRyYbOSwvHkZsZOLv98oQg,4,4
Ibczgs0_n-opj9LkM6hymA,wf6cEXlL1qkNGH0-_CjKMw,5,15
CSA-YFyZWlxPTeAZRJqMWA,-a6tEeSq2YJyJNqq6TyMlA,3,5
QxBIfPH-0JoOPpBKVQg8Bw,MtlMLIka8sk779RqVp6-Qg,4,5
u3mM0u8DokmP2iGpGZsyPQ,VHWHP4WomCyJKD7d1-j1EQ,1,5
hdP51SHHpIzOVywwxqs5fA,S6HTXcS97j173_btjN8w7Q,4,12
XNbrAATnVNAg1eTjMjn-pA,Bz6UcQZgRkrGtDwcagvt9w,3,5
52MlnjkvSLLqKKSRrbrH0w,wqHpFkcZmOD8A9eNVRFLNg,2,5
v2PkGI7MjkmyRzht2bMWQw,NecnTe2rHNLqBvuA-Gx49g,4,6
opPMmpahSirQ4nmNkIAnug,ohjBWS_-x0Db1FeYluJuIw,4,6
HP8HNY4s_sLUcJEJcmzqxQ,spQBWnk9QD4Kg6QDzMv_Yg,4,1
3sY-Wj7CKDb9YjQm7LG5Ew,EccD8XU88NWOXy3Ng6Vaww,4,6
bCLqNCdhUdsmTj9Braespg,_3lIBvmGuRzry5FNN1WprA,4,5
HhVNG_1NOEyxfxudd6TSCg,OEQrPxeku4BfHMCSi8UASQ,3,1
5SPHipQNV1ewCZgdMsmGHA,1xDlhlkQUWUMJ5IddcB0oQ,3,4
3DcR7OUmoFGgu4eklTgfSA,5fb-HMUR9CaTVuArQK2Mnw,4,0
PUdifmlsaUMIfPlhQnZbHg,kEC675O6YwRH30ImVxBCCA,4,4
0tvCcnfJnSs55iB6mqPk3w,bWJdRgTROygw8qX1oVfx9A,3,4
MGRNCiPHnzBhcDULy8OSuQ,2BbFeotL85cIaBjSq1SWiA,3,4
GsFr15zUG8wO9fsSHwvZUw,Ea-6xpe581a_mmeD3W3mog,4,9
yE1cGkyofu3z8T5Tm1kNNg,bjha6QWlaMfABads-FEu1Q,2,8
TDASnrM4Siq3JIhGiG2Nbw,dtjOkuk-UNjsRLDa1snxDw,4,6
qZa2urX00YWHs-jRcWgUqw,KCIVWrtbeIlLpzRJWxJz4g,2,5
qibGLHABNReGeJr2w4_8yQ,INhHx6Q9r4DO8vcHfBhnJg,4,1
0EhPIlDozxGKpbbHRr6vZg,U9KR7K5cdKy5kOr7UsG6EA,5,9
0uacsMYppmm3Kl1bpWIOxQ,dOKk_X3mLpOkDn051v3xUA,5,5
rgkQ6g5RM07PxJbwCVtBBg,RwxU6hhZUZIB-gdm5sOmvA,4,5
Q8BTKVWjh5B5icEWl1PWoA,gG9z6zr_49LocyCTvSFg0w,1,6
Vwwp4QxVhmP7uNJz4pdkDA,r3ATwPjhjcw-zk6wPl4KnA,5,6
b_eoPMd72MLjrOTB9IkrYw,SWmIqR3MUynDKBrPuNv6EQ,4,12
xXQTdJXPGOP-NUYctcQw8g,P-O2TWJZb8EUOpV8f2cFCA,4,0
6BLLyZDiR0pb-h2E5qvLXw,M51gw2cz_vXarNBLbKkOxQ,4,4
FfxnvrbwI40dUUqA63KqGw,TXjg3qtm6gjlbP8Iwsm4lQ,5,11
iDlkZO2iILS8Jwfdy7DP9A,-0tgMGl7D9B10YjSN2ujLA,3,11
hutJzKEYHuVq6CP-XSARgg,I-wr2dlV1nPaEyOdLflUww,4,0
ZQ6SaWr3BS6YRNZp8A305A,eFhvNgQBBXYhXnTNLjjBjA,3,8
NV6b0oTn99n8PMY5V_RAlQ,aD0EslPREWGDlSpD0RMlEg,2,4
5Mujjzv-ZH6HhxT-hWCpVg,wSgGwHcTzqyJNY_c64UDAg,4,0
t2O6rs4fZeY9o6ZY52RyJA,DuZ5aPOFCiS8vRbjSOB98Q,2,5
3zdB0SSrXIDIgsrOmhdUtQ,AoVXiIiM_0R0J10giSW6rQ,3,8
ZyNaPQFOsaKOOLHTFVAdZw,QJfnq_F3qb3raMCZa48_3A,3,1
4bgpE8kMw8cQCaMin_dcww,OG88JYN1t41_qqREXq3VIA,2,4
ZzA0SBWKSRJA8y5tlszrjQ,OpqPJUGAuTQa17pfhLJfIw,2,5
orh0HRUNCWuQMt9Iia_osg,Yk-M1qkLN_QNHUhxBtO4bw,4,5
bDqi-ueISUIJ-Au40_KVnw,VGxJbglGlx-a7Gdc55Q6jQ,4,9
RF4lY2hgjfLdORpxwjzVVQ,VPzCINYHQ8Wyr1XLESz2kw,1,3
aAVaN6Zw6-cRm5nftmOVJQ,-6hVnjeCvU_ImnQEJyrGrw,5,0
V5U4-iDA2FeO2AlkUrATsg,Ob9fVQs7vkrq4wWPl3fugA,3,0
I_hZOak13ydnfXV1nJPDTg,6We2O5X62J_gduXU7jvf8w,3,1
d-Gqlej30b9jgRQKWJe4yw,K28NUDrV8GbR_mn2WDLoLQ,5,8
dwFgmKO-PzJalyHDSGAT8A,5-9qpAW2QNE0zP3Bbxfvog,4,5
7AGLlj5YzqdBfCPiZCa1mQ,Z9sj68sa1c-v1y4oKoOH5Q,4,9
qFQ4LZiZm9PbePX2k0oOow,IjzeYDgEEq0qiZfLWgff3w,5,4
9eYqS8pyj4rPj8s5q3_TnA,0LCgN42C9H6iqClFevdiBA,2,10
cQRyu8xRKfTCG5AwbS1lxg,PgeVUSx_NdcAqIH09z1fBg,5,1
1fNQRju9gmoCEvbPQBSo7w,ADyDd_5KBcQc0s3gB381yg,3,5
SXTh-cBuiwUAaaI4hw-bcA,UDdyjzFWWF-XW1uSkNOkQw,5,0
gwIqbXEXijQNgdESVc07hg,651n_EvA0alQ5b-tZiBayQ,2,5
0lDl1Jg1Qz2KhvkfJKk6fw,1RKD5kqYzFcJGor2g6dBMw,3,9
GRlEdlancm64afP9-5rY9Q,2auigv5pF08RjJ8CL1dIVw,2,5
6HExobff3RbX10d95Xaw-w,KXITXbKuE60WSUDs7NZVLQ,3,4
38V9LFE9gbmqdxACJ98F8g,BXQKPvzAFDOOXDQzxIU6RA,1,7
LH7Ri2KjnQoQCfrs5arTTw,MAwzrO4CSSOZNYa7YYf2KQ,4,3
J56C7Dc9E7Q0mpMTJGW6Qw,61Llhn62hVdHy9t8c9LSuw,3,5
alUuOskFSl1bODjnce2PpQ,WWlXdCH3SvUtEn8GTimZ-A,5,5
6mn-M3f75hdynz245p-fBA,b0la3LqC0mIlBVlQDyMyTQ,4,5
V4TPbscN8JsFbEFiwOVBKw,XZgneCQjndUejKsfPQyhaQ,4,15
juk2CGOxHeg6Kt90acZpZQ,6XqMdnMGVBP9cog3-Z70pA,3,5
dTTFAM66wF5_b_ANM8rEHA,J7ooftki8V4Aq_N5Dm5mHg,5,11
k-q3NAjtgCa-2hiXj4zHbA,-FDkvLmwaBrtVgYFqEWeWA,2,8
lr22Y8AqhDdqLa3Wl0s_fw,ZZQNSVRJ_6ZSdl89MC_eMA,3,0
XSyyEYYwJ7bIBZee4mAOiw,KNBHGY4rQVuoHxZf_6ANuw,4,8
cqecqnFK2eu88VtKJLHpiA,5LKYxGD0Mb4JgrfXiUVsqw,4,0
AvC5XQAElcGAAn_Wr5auEg,v4HpZFOU3mvIeuHLRSIi7g,5,6
g74l-c4UXDKTwHuScrO3sg,o9KcGDv2Lkbtit7mxZs8qA,4,0
f587WkOuLAotgXOVAybylA,zKw09ftu1730wEIZBZPoFg,5,4
60JrvkRZ8v58-XkZ8B-CQw,8EvgKu_VpVXJ0KUvrxS7BA,4,12
M1mSvucWF3V1h0L98okb9g,Xib9qfx_Tuf_2rwpKbJNeQ,5,5
o0WGr8L3BWfH2Bslpnqw6g,22s3ch2Q6UFAEQ-lrqHhGA,4,0
B2mnlBxV-LHnM--ptlrxWA,f1KNYRXm8fxIjb6rVdyk7Q,1,1
0tvCcnfJnSs55iB6mqPk3w,TrN8HBHBL4-Tu7cXMDoopQ,4,4
RwxLNxhp3N0-FssSwDizUA,UgyXWfpXynTrtXELPszsrg,3,0
Mz3ZAFChRgBMgaaB5sJU_Q,ZLuWpmvO41w2bSwufgfUlQ,2,11
_ijx1PqANQVFLGNWCibdig,PB7Fc2yCSjrELsrBJWKCSA,3,4
6nl5XzW1rCXhVD_mOFivdA,HYKTKG3X7jtLe6elxp63JQ,4,4
orh0HRUNCWuQMt9Iia_osg,C9oCPomVP0mtKa8z99E3gg,3,5
FH1zzokLaW3C7meH7HQF9A,FQy3it-XBt6XnZFTK2UoCA,4,5
Fv0e9RIV9jw5TX3ctA1WbA,GrR5CHz1Wvys6GSWtTup7Q,5,4
ZcYNpemiHw2OOpQxkVbrVg,AF_VU15nNsqIg7-y9uiQug,2,5
TryfbZaaGtedncOMq9k86g,pWffwFHO7Awb4bULH-XoDQ,4,12
rDbTwiJJIOlg6lL7iEdSig,RtXj1StQUbCMEmxRR10Bqg,2,1
S10Q9h_W-MKyog8IdcCNCQ,7lr_44em_QCyHEduOoeNcA,5,5
mTM1yxoV9I0_SSK1mLldmA,coAdjIJ7Xomwq7sfHFzxKQ,3,11
750rhwO7D_Cul7_GtO9Jsg,znFlsnCysqAmLS8mL-L1ew,3,4
Su2kadHdmAVhM-_1TIlhSQ,cKgUCzMGuRgkbKXUsgeXUw,4,11
ZQ6SaWr3BS6YRNZp8A305A,Gw06IGh1OrxElqVgFOjlyA,4,8
XJYFjbH-oTmu2dATTqyauQ,4QXz7NU6Knxa3pNOQd7_dg,5,11
yV4dun0_ALnZ6LQIsrCu_Q,Fv3HvJPQYqfmniTgtIQJzA,4,1
_uDY9cffwIdb0XurmbuFgA,RJqCxaCm06k4EW7q0uyz3A,5,3
re3AdczLFP4D7xwI6DkBNA,3c9YWzy7ZkAAiaj4v1AGmA,5,11
BpKuNkYgAuisCNZlSzfUAQ,_RMh2nITw6IZ16xrvKA6JQ,4,0
xBVP-gZJmD75viYO5DFNEA,A4GjSb9NhUKGUoyyGHNwYQ,2,14
xJafm7vGSkUI5ocgYkCWkA,D6iFAeDY1zOg3_ykJvK1JQ,2,6
gScmsSCqBeFPp6q9yG5nmw,QMI6A2H1N3SwKU69SiASJA,5,12
bAxtOfFyhgvyHwK3gkBUrg,4OrIaoOwokYf5NNLjZk8cg,5,6
Jr59Kg6Q_A-ezcmTguUcBw,DPsbhgdHty--Jegj_yNaUQ,4,5
lwb8-rhHbuarIoQDD2qYpQ,5pJXye7SUjzLLiu7U9_WXA,3,8
rcUun0KBLWNWz05Q1StMAQ,gOBxVkHpqtjRRxHBIrpnMA,3,5
qQxRRzTT0U75A3mTVRh8xw,Kw4SwD6FUB_Nm5qoi_as8g,4,9
sTcYq6goD1Fa2WS9MSkSvQ,9Uju4PPwIKNrBUOfsjBbkw,1,12
fJ_qSZH_akvWzHUPMqab1g,X6FhbHw30q0a-dEMEFfWYw,3,7
2VABkVdFhHGMo7wAqfofGA,grf5Gmn_GAh8ImHTi3HLPg,5,4
1ov32gHwnkj0jnBmrApvQw,JyxHvtj-syke7m9rbza7mA,3,4
2D2bPTst5z5BdaHTdYTA-Q,5ThWWKOHkBcSV-EnLHQ9Mg,5,12
YIMeEHUYm69m-Mqf-NjPHw,L877pDtfa3FyN0fcNeCdlA,4,4
TUu4SppnJ1S3lQ_jTxMpOw,RiY8R8AKdTTA37UAwvbUXw,1,5
fkMiipV4j_DG5nSoBnZvbg,igggcl1TjKyw-hL3q1CacQ,5,5
DeVGAiOf2mHVUDfxvuhVlQ,P7pxQFqr7yBKMMI2J51udw,5,4
_k3o_AKj-S9JD0q6AhSXdw,K3_BC_LYiKdGzhZL7E1XPg,5,12
v0dXQnGIxRG1JlWRIKX1CA,DoXkiEVgFszu8tpLILZvxw,5,15
YXQVy-wU71_JkbxbQs1aGw,2a2E-Ev1TLw8PP_2auwuIg,2,1
R_leD57NgbsMU-mel4U0QA,EuSQgzvizqRLQSoo6rC1dA,2,15
dD5vTDPzv_79m8_zZhc9hA,p6Rf2hsyF1eYVJk9ag3W2A,5,14
KefuZdgU_o1A6GM95T39Nw,g8OnV26ywJlZpezdBnOWUQ,3,4
v00qwDpy4uMRZd4WdNsABg,7BIbvCkI7AXQMVC1-DHpCA,3,1
dzi17Dqytqaq8WGdZsJvkw,g8OnV26ywJlZpezdBnOWUQ,4,4
nOcP-0PIg4REFX4JeR49aw,PKYNB-KDGCqiHtMO6vEOKg,4,9
adtOywpRnG5-4mjQMQE1FA,HOMqym6ceItYao90zNPrkg,5,7
L7xRncCG-irmaFlDNhMHiA,g8OnV26ywJlZpezdBnOWUQ,5,4
oEshN5oq98_g23MvEnRc5A,ZqnQaGr7yVdFm8WGV0_sqg,4,0
xpkdFgOVRX43fV0begAaOQ,gjSOLX7d8EmbMi86Me7s1g,3,9
DXh8yxwZCg5Ckj5kmDvKXw,KwqWSF4o7Jl30hBclJB2MA,4,6
quH7oYf3C-_klKjP-cklCQ,DFy8RPRTheb01pQYfeQ1NA,4,1
-QViqz6QGfMLUYLY73lysg,REwxiybLTBUKXemULTPveg,4,4
zN7UEYPQwUQdDULm_pDWdQ,FhzGEjtX4ieb2BzpKy_hGQ,5,5
P-PzRYf1SN0vxNt9c1p1aQ,PiT0jyLL2Jwm2ODTDapOcg,4,0
M9rRM6Eo5YbKLKMG5QiIPA,nCAqeub9ERwzSoQwGzr1QQ,3,12
Q4Qfu-3vYtL1LRm2X1b0Gg,6E9tAjAS_sWBvOj7UAnWDQ,2,11
tw1YfWwGJffPlUNTl_w1fw,esBRj9uPRzwxaW4Lz1XGLA,4,4
0i1hYJwqNuH_jGC_8LUWbA,bPLyOh-ul8azUSgZmyR2vg,2,5
zPwZQEVmFg9cbmsEwLpA6g,jP07A_fgj-Q7UVYAG0SqGA,4,9
I7FvE1jTafKbS-mWy9GQqQ,Yc5_nA9NqqxOp8WCugF-Ng,4,6
6ChF8UnxFaW2Aoj3CJO_4A,vkD7xW81EgCSWwiTvxtVAw,4,14
CqkdpG2tkCPQA69umlAHsA,NbkMeO0_nYIiXJX76ojmcg,5,0
h2zLiqDXdA_sOdPFRGmM5w,8laPibALNSasJtKjE3u4vg,4,8
ha1qjvwEw5WI0UUDrFgFaA,V9DPZmn2irq3hC-X4vxaBg,2,5
EgauZamsAjYo7BQMSr3srg,Jhv2fWeRptMlyi1UiCvpmw,3,0
4q1GOTm23q-qG3o5Kpz81Q,g8OnV26ywJlZpezdBnOWUQ,4,4
i6V3NyTdkBVwPpH7r2BINA,RKBpJmjs4e-mAuSnU_Rvrg,4,5
fEo1C7GJlK8HlfRfNouLbw,5G-ulG_g_MpcIYlNzaCMmA,3,9
4ZPKNYke1POscDLJ2vpAsA,rdXAuI2fKilcf65W-QoASQ,5,7
_SadovtH8RAjtQL4D6Jczw,TYHklMdUVKhZD4dkCfn2tA,4,5
l6WKaOQra85pIy1L7rxY2Q,1dXqboUvVXYa1yumZE_ynQ,4,5
bZ_h3I3mkYYdZVwmvE1z_Q,KNn7TUf3rf_DfCYYrHv7tQ,2,4
6b1TrqxJ6iK11tUtu3b2hw,0Wy4gw8krao9nGq-sHWFSQ,4,9
BArjH2vHo5adQcjAWi_2_A,dUffgo9Lh_Vk9TLuFR5ywg,4,12
ID4nZaOl74lYHL2ZHSAcQg,DwoQqxPvxsskH6ay7HPP2w,5,0
7L9KAtLVBIYyWUsmSSJiTg,8tmuRdGrvpuTSDY6yaNfEA,4,3
AnXbqBBa4tZ21RbPWpKoqg,Yc0N_zOuVcFI2J5wDup1Xw,2,0
RBAWL113vrvEM5CkUGptbw,YavRvjbLsvh4DYDJPAfJIA,3,4
MeJI77jgRpYkAdOH5kbNLg,74zJ7rM18WdKHWnvqY9Vbg,4,6
crMMCGbeSwO_hEYoJSTdBA,c-6ECG_qjX09UBOI1VrZyg,4,15
-7bM_DeL2Kj2CuYuVDsLNg,HD4JDFoc_htq5VYESJT8gw,3,4
SlCXIWAYwL_itoM_gHuzQw,g8OnV26ywJlZpezdBnOWUQ,4,4
TGYl5ZF0cr_nve4QCzshZg,UV0GO7_q-_uffNjY53sr3w,5,12
E19IMURE4WEoCnvDx-bylg,1EeR3wxjoNBTd4tnC-ELUw,4,4
NA4KGWYmqogf0b0W_dBJ7g,-_eq8LESUWU-O6OM3L3xBg,5,5
Y0T28eUbIOIGtfvEZwoQvA,XEHACBzEICqYouH1EgN1bA,2,1
LJLoIfcfsaRnizaKCPBx6A,olmCDBoMF-EhN8U2livBSg,2,4
pNn_DcM3TyBxSqSv5S7P_g,-YfDhpfSesaoEPWWJvlKQg,4,1
Y1N7LPhi3xAq3UBLKWpWNQ,V9DPZmn2irq3hC-X4vxaBg,2,5
xYciRtVZ1PW4IxSX4oJ1aw,vuXz17TgImV6_VNYwFkKYg,4,5
yMiikE7cpVyVLDnJRClLfg,NUGa_UvqPCmq7G2Qm-AByQ,3,7
X2uF3C3YBD24xcgKA104Sw,tnfvxyrZoKUtcIt6rPygsg,4,0
396srm0Kn4gdjRQ1-aPrmQ,gOtY-I9lvbyOUShbBhCChQ,3,9
gH3JDpHQfVcMEGaAaCJPjA,MCX_cBs_LUqzuUzd-hCHCA,5,12
gqL5KBs2oS7qobnyd99iKg,S6HTXcS97j173_btjN8w7Q,5,12
iJCtRAlSvxiUuKlVAnsq0A,9edQvMDnFQz1--MnDtT88w,3,5
d3U8ftbUpjuPQbacWoDVTA,X63_I3yt7R-PPyA8WeXoSQ,4,12
Cy1PV2TdYeDFA16mUOlr3Q,0Iez2EUNnysxvMkvyl2aIA,4,0
tWBLn4k1M7PLBtAtwAg73g,Bz6UcQZgRkrGtDwcagvt9w,4,5
99p8Y9nbXRBN3FaRPqPKmw,XmgdFa3G_CZVfjtQEJMZfQ,4,5
ePWsbOWDTJcgIus-BFuKpg,MoaI-2jJCVoiSD0nCi2qdw,4,4
dibc1MT2Svkjf9rNmdd4_w,HkVVY_22ZVv_f2tD3G8NuA,4,0
u8NEPil3jYHmk52uudWkEQ,gQMAcDm8kv8ev7x2BshMwg,4,12
P44rMHIMlDNntn6vDaGi0g,lZTiB75nCqHc8Q4vGZdmoA,2,14
bzU8Cl6B9nqV1i5NReobvw,5zDP3Y2hdh6GJL9DVbQ2KA,1,4
4wp4XI9AxKNqJima-xahlg,Gp8_vPUZBncqy4Fwc8ga7A,4,9
hd343st7cOIUSfAd5r0U7A,SwAZBCyFtVo_8vkRbJhdkA,5,4
pEzb9RfmnD2zn5wUPpdmzg,6WjqaxAKKtZMMuwz8kkltw,5,8
kKPY6iHx6LRSxxPm8GVj2g,BJn8QqMd1bD1ak53UIOaPA,5,11
6kvGowEk1AvUUwWHLkJyNg,K_pzZr-nXH2zdLxP-gcD0A,3,4
_F428gAdyz-jZbq-egclIg,7ZbjK_dmojrxoY-CBeHPeA,2,7
R5GKDWmatHB2DEa-ulGzDQ,JyxHvtj-syke7m9rbza7mA,5,4
MDeA-Gx8NScCyAdziq7IeA,WC6y30BJZ8CLjJXDL_jaKg,4,9
O6VoKoTQfMu1Gkh7YnNW7A,vAcwjwtHupHOc7f4XLH8Kw,1,5
siCkQhJcmmUzOq6qUTCUhA,YAdyu9ovEiOZXBWkD0H8-Q,4,5
Tw3_-eahwaTZJjEsos1gpg,Bpkr_jrh1a4vmwG07BD3UA,1,4
_SEBcjCwgneOV1VV_vESfQ,n0gAJPW7-H9cS71FC5dSqg,5,2
TaJ3hRYUW9Z82HF0qc4hFQ,AdwllxAaoyzbV42ix2vfYw,1,5
-fUARDNuXAfrOn4WLSZLgA,A37JfEzlKQygyzA-5p2dWw,4,4
fiGqQ7pIGKyZ9G0RqWLMpg,Nfn-2CYlJRYF3KVyZpxAfA,4,4
JA6uRiy32Dj2Lppq597wxg,LVKdUEcnFAPuLsfD_ahlRw,4,0
Z5tuNmxlzFBn_MrLnJtxEA,R4xJiZIgjQ8kb6mMRMJJjg,4,8
II_Zh937j3a6_AVBBqI56g,TRxDx0JhUX49iL-QUHEm0A,4,5
NAJWXGqejhpvO876c0hF0A,w_UCGMgok7N9p0XdYBx1VQ,4,9
xpkdFgOVRX43fV0begAaOQ,9gNko6cFCMZbvy1zhJ7-Xg,3,9
_jYEC7fvqTxu5R2jhk_NDQ,TTEzgDKVBJYm1oHIlCMCEQ,5,11
JE2qFjL4BaUbiI-cT5MSBw,uBrszqceiTByo55osdyXwg,4,9
PN6lYym62G8NAaXgbMaSpg,v4HpZFOU3mvIeuHLRSIi7g,4,6
TnRcGRybKUR5phkN7Es3jQ,Qu9erGSYgH4ljIbJLzvzuA,3,12
s7XIFcwZnhEUMzSZ4EiAHA,0iJcWcDjaC4CVpR0uQFe5Q,1,6
wWIwGPQs0P7Xtx_5Zp5cag,0fyxLMASE5bfYAgW6MYM_g,1,12
Mz3ZAFChRgBMgaaB5sJU_Q,PjmlNZk57A0HP04RWFQs4Q,3,1
J_qpI2jCkwv7vPNz_9JeqA,0J5TCUQ4vIHQMFmBRidcfQ,3,0
jo8vV5iUZLHp617cTKZ7mA,g8OnV26ywJlZpezdBnOWUQ,4,4
TZQSUDDcA4ek5gBd6BzcjA,3phfrYKI1_vjlmJ2zQPAjw,4,5
E6pk16njnj1xwteehAIn0w,W1DvjzwTeb8UKKUd3amwEQ,5,2
anTmWtK-REFMAaLPzD5-ng,Hy_UuNOaOgpoBDo-d-kcbw,5,14
BhYROfCjIJsKUk22_IVHig,CppOcUSapx5kU2lQNt2w5w,5,0
CqkdpG2tkCPQA69umlAHsA,UCIn62xlVZx0-jrQj9pFdg,3,0
tZnFGEdx7809d0NcrNAk4A,2s2ww6WaulfOEI16s1uyDg,4,4
2k8OVAPxlXHsA5X6EIoQpQ,C9IRDC21RjnYdXZe0kKOOA,4,4
2oTG2GrBpikkonRxQywI7Q,B7b0lgA_TW7Y5d5GdDYbHA,3,9
0-wo7wKN_Rp0Xs6cBMEDJQ,WC6dLi2opwdVXC1EL0VMow,4,0
wRbcBWdiyeCDUydcBQcYfg,9njwmO6YzhaQB3-htNMFYQ,5,1
u3OCn-7UTb2g_zIRXwrJdw,4AgSOPmhRfPcC-NctjiszQ,4,9
py5NxUH16FJuxLeuNrWI2A,mVFHlgA3DAXh6FcO4nI6aA,5,3
ssz4_Rj8p1CLgO2WWnIoTA,61qDFkNrHKzyA9n3dlgcEw,3,4
aQJtyvmZg3kCd-tfZ6PLeg,YIYE7Zk61McLaekLFluzTg,5,4
DP-UwXtjVXCPpHpLLlib9w,2xlQ1OA8iU2V460CgS37-w,4,5
c7KRpENpwni-RfjRNrYfRA,-5fK4OgKir00PiuiGUIrAg,5,1
2LLO9HbhgUULhctJpFSqJg,XsxGcZBDJO2BiSbgQTNrJg,5,1
-ki-qIZHP4zZ2D49-b8ZzA,DW_mxyxcgqCS3pJ0DpbZ5A,5,11
rDacT7_YW2-geunGcmgeEw,Lk-qYbjqJAdi72XRrt0QWw,5,0
d5n7WXQkyESc_mOgyC_Exw,0BJK4_RQnNiiXJcYPEgG3w,4,5
kKXjr2cCjPMQoX0OiB6XRA,8PMjBVGJGL16Y9r25X7JJA,2,3
-jt1ACMiZljnBFvS6RRvnA,RJ7aBmtVrag41dTDogL65w,3,15
SDAjElWg3R5x8AGo5guKRA,wf6cEXlL1qkNGH0-_CjKMw,4,15
Jr59Kg6Q_A-ezcmTguUcBw,297IsfhbVDVFsYtQ8ICQJQ,4,5
22ITtShcXEQcR1M5Sb08pg,IszpsLCnHFBkR_J4YJGczA,4,5
EApzjWbLY-s0VKh5BwcR6Q,YpSOCqnpn-ceZOfg4MY2GQ,4,5
7PiRdxYF-Uvzn2fHqdtU1Q,YKHCSOBLCHpb5K6GgaabCQ,2,6
N0qq4upibIRvLzE2SzVPtQ,jaou3iz6I4KslA65YtwQWQ,4,5
HP8HNY4s_sLUcJEJcmzqxQ,Cl5PHhHfOzimUTCWjC5yNA,4,1
Um-3UHQVVCtrX1m3chK5Bg,I6pcm_XcmXXfAfNdPffZlA,5,4
2Xv3RPbhSpiI-LTQ8lmZfw,P7pxQFqr7yBKMMI2J51udw,3,4
N0LfSpP4RNS9t3GwIcuNxA,KNBHGY4rQVuoHxZf_6ANuw,2,8
J1yNYAjojpD_KpocG-W3KQ,7Zmxle5A6XTZACIHgiC98Q,4,11
t1iQ7_HCRUGBx0wokIy1Jw,wmwZ9qDtunmMiHn0y5Fcbw,4,1
fZL2yhT1pgb7FxLHd-kztQ,56832hA2kNtvtRzV7cjBXA,5,3
mb_8jXannipO5T5V5kGXiQ,Zzw_A_2l9TK6sl4OAHUFiQ,4,15
Ye80JpIGZEx1R1RrJLfkYg,xiCJPHeXVaxAW4ZEt-Y0mg,4,5
fkk83Fpz8b37YdhFxVBwVw,M51gw2cz_vXarNBLbKkOxQ,5,4
_dwGzuzV-jBTohLOlYEzUg,yk_humsf5Uy1YAM3SOKYdQ,4,1
3xORNxbKdd08LUf0tclx3A,HyjToxsCJPypvJLKkxkxvw,5,12
FfxnvrbwI40dUUqA63KqGw,bHaeNpSaM4uJgJFMaCJ_wQ,4,11
6X9PioodbNo5nnkZTFWhWQ,wQ9_9QDNw3OPUo55sJUr9A,2,5
W5iGpA5vgaWRyt4nY4cYBQ,IEJFia0wQX7UezfXsenI5g,1,4
2e5V6M4GNufEnbGJpVdCjw,Sezj70iiLc_Zl_-Eyr2eXg,3,5
cCpiu1GqdzxlvANKuiAp0Q,YkdEIDQkn7osX5xW584WMw,5,5
-hxUwfo3cMnLTv-CAaP69A,-nKIDHXa5H23rq8d6KGT_Q,4,4
ELcQDlf69kb-ihJfxZyL0A,banZxALDoaQyJ0liTL0SfA,2,11
K8LyyTCIwqnw73A8BOoYNQ,5degU5AQKGHWFu48X4JXWg,3,1
DZg2Yy3JMTeNT-xoF1iUJw,CmFAIv9AzwDzka58cIJPVg,1,3
f-SQG9J2B5rB55V8dMB5IA,5degU5AQKGHWFu48X4JXWg,1,1
khyig4aF00tZsTYw4F4GLg,olmCDBoMF-EhN8U2livBSg,5,4
7hnwrH20r6IiJOAlNOPgcw,P7pxQFqr7yBKMMI2J51udw,2,4
V93YZAMFAF4eejiIPRs0zw,5zDP3Y2hdh6GJL9DVbQ2KA,4,4
WBCOYKf0OB7wjNkJ7Drmew,ZLhUJiLCk4WtHRzXS-nF0A,5,1
5IaHGddT0RLq1-S5LbP1iw,eRoOfy-lQso6N3GiUY_c3w,4,9
ktYO1_gw5-Q_BE8cNlizEQ,-X-PhzHFMgaFcbNm2TpEIQ,4,2
lCmvpQfFpdxhbWVM59eUCg,2auigv5pF08RjJ8CL1dIVw,1,5
0Vo_c89W81c6d1DFmbWcrA,GQvSDi4EJ4rQgn7GGCjeig,5,12
fq4lqdKL8lGeKpl7_WRLkw,g8OnV26ywJlZpezdBnOWUQ,5,4
Yc3g0KMp3991QIC4Ot1fxQ,4hFEN1D1y2YJ7RtE2DBpgw,1,11
qnJEn88UBRXh8kTCggNOWQ,-sjCxkxv6xU5rEVLFybAuA,4,4
HKIFN7bin1aKtQZ9k9tRlQ,rNqSjfRM09T-VOjRTAF66g,5,1
pw1Ss8M2_uiFfH4xDyKjtA,YEzXPCa-LdYnjitTvPGlhQ,5,0
tQV_zGWjSHxUEr6Xmxz88Q,L1ZY24_ZLzAEAYyZl19xzQ,4,2
vqY4-MassT5pukPVN5Qu5g,oudIKQI8HjqJqiF9pnMmQw,5,4
7Oh3I3WgYL8BIEQx9i9IJw,MhPf_svo-fkgSqpE0m8U1w,5,2
J4ZLNtDFRMN5lCwvFs9zww,zhc2S7yhYfbKTM-c08E1bA,3,8
we5fgyUEMB5awMtlwkdPmg,SbZ8K8nYAF1fyRuLAzW09w,4,3
W37KqgMymarQaqYGOWS70w,c1_adyjYG6JEa1PZAXMOBg,4,5
oZ9wTJLI9GxQEtvp2OQoxg,KF1ngA96RBiRM5h8V7IQ2g,5,9
gCp21sfvL6HnQOvapeV7sw,cRg3UmihPM7WToVs_XRvlA,2,12
ObQl16Vuc4sHPGKtzSGNUw,qcayzj716bMjbreRJvVlLA,4,4
P0pFmBdgsP4_ceJuRaMbBA,YjhD8yL8tEDV_9SCCF2Ulg,1,14
LbPJrL_Q3BlmIoHpvntZTA,as_fyujgsdwtV56n31z-Sw,2,14
hWDybu_KvYLSdEFzGrniTw,6JXIX6UDWwt7qKcIQ9S6_g,3,6
vGkha82V8Y9fog6iddlTQA,URf61OrDNrpWICL3XHXvmA,3,11
CbmNBkKa9QKNxPiN_whFUw,DjkJzUYc-1g9PBCRaInatw,4,9
iqQBsjqOF9xgIAbsZ2sAZA,C_OCK_-HuWn7Su0qr_WOBg,3,8
ak6k7wRa4DdKNIwE7rQjWg,Vl_YkEh3-tdzhDb_sHiGVw,5,12
8okt1nl-g2RL3ylWoqj4tA,DjNdyATYYyHexZuUy54g2A,3,6
uEnyMOFXETDr-I2nM9Vc6g,AmK2MGQE8bQrF1R5o_nRRg,5,2
AV-bTNcjfrIDMidOWB6QYw,YkZ-UGQ5Z16ePDLux0KE8w,5,12
LVuXdN_e8BOkwX_oHQkZKg,lhWpC9uGAyFus5BQYsyL6g,5,12
xoGJQ9xNqpMU0GZI_v7Y_A,7yTkMB3NH4WoJHwrpXnB0A,4,0
vk7kKFTIeCnLYZbC3xVcYQ,IWOQNyRqWrnqQA5K49eK5g,3,1
m5DE9oHhLHQZwRsXpDvkBQ,KEi2-4UyMPBgrihspU6SGQ,5,3
13nGs99vJJyJiIiP1-hCNA,5zDP3Y2hdh6GJL9DVbQ2KA,4,4
OdGoSdi8xO8zLuYII-gnrQ,5q6Xh-UcJa78bp6dzyaE7w,5,6
-YYe0kff9YAYzr5L09TT_A,LUYqt2n-XJ3cOfmQewDamg,4,5
vQnR9L9HILjw4PgWB8q1cQ,GWuw4q3Nr80xPW2ab7qB_w,2,0
gxRw9c2lvijXBNhKU5i7_g,PUe3Oz-VAPMXbu_zQ51dYQ,2,10
YTl5q-1rvWGqtPs1bX7-hQ,JyxHvtj-syke7m9rbza7mA,5,4
O8rFwCMXA6Nbr6auoFmpWw,Q22qGmDve1XuGgPzrnrOTg,3,3
zpwWpno3U-oZaG3AJuKqSQ,zblKqBFWq7HMACwacMpzig,5,4
5xP5P-pt3bntk3XZbp2avA,i-ywLm8zqwvtYobrk3DjxQ,1,8
auUAelUHEQcXEQo7TV71Yw,6XqMdnMGVBP9cog3-Z70pA,3,5
8p6SjSOQDDAwSysEDeW4NQ,5LKYxGD0Mb4JgrfXiUVsqw,4,0
N3aGApmPJ5xma0xx20FeTA,BrFx5KAEiEYltTfIjCtUJQ,5,1
BIRtQp7NloQMdt7fPYYWdA,O3OH5IEFMPtz7mPKakPZ3Q,5,4
47f21XiNtNr2lRjCTbDPvA,GE4ayzlAHlTJEYnRAojZyA,5,9
b34yOQoUDev_l6BzDBMpUQ,R5CgYUeSSd9OQPW6ihLw0g,5,1
yhinYLeoT6DA5bYuXHMfsQ,8TBt9XAVZIZR2Y0EqBHskg,4,1
vRp4_yR-Aw02RJjaeJdwow,RoGAy8b2j0Oa7TJgpotM8A,5,15
YeDxvSUBHP66gkKnisM2dQ,eFhvNgQBBXYhXnTNLjjBjA,5,8
S9Jw00eZHVj5_0sOM_C5Rg,ZMgBp4XmiEHYAuXKbe1hUw,4,11
7_lYp42oYr5C8PoYDIu6cA,9bheuwB1IEEbjPyMiK6mZw,5,2
JnPIjvC0cmooNDfsa9BmXg,koWjyPEroRzW4QvlwsBgUw,5,5
PeLGa5vUR8_mcsn-fn42Jg,bHaeNpSaM4uJgJFMaCJ_wQ,3,11
YORJi2JtQg5Mo4nmKOXzag,6a-EXpakLH9tLtv8SDWdWQ,4,1
v99dadsd5DNcI9yteZc57w,5jtxiHzuaFLoJxevfJNxRQ,4,5
pr8_C12oHakeNB4ZPp_dig,XJPPcsVJXAvc21FUeySC2w,4,9
dZBXRw0BtYd-C3MEjtHUFw,PQQQKu5lD8F0Rg9MxrGcgQ,3,4
dIIKEfOgo0KqUfGQvGikPg,dAvcyy08flqhFIzOIdg2UA,3,12
nDQEwuw5u6iQHYXEsQXsxg,vnIdWzIB2W4j9cDcd6tHAQ,4,5
NjLRgbRZiwEIMpAgXypJtw,OVjBHE9Ic1vNuFJ6oXRq0Q,3,11
eBVFtdxqTGdogezZ98HUsQ,mSSH1BFPQJ41gmPiN9_jwg,3,0
SxV1Jq7UANuSYpn42JXvOA,4a3mCRiHrdgoGJBJTUMB6Q,5,0
PomQayG1WhMxeSl1zohAUA,5n1EPeGX0N4fXrl2X0Tp3Q,4,4
wAAjvIoCpVZpx_2S2iP43Q,L0Ec-nx5Mh6lc7CZ9v2olQ,3,12
_h7MvLhBZ3Tzu8wktuKlGA,fcEz2QzOhJ0OzUZfbqohEw,5,11
uLHVIBIrLAWBPqKztfkm9A,dimv16yFu0JXR1n1SAqedQ,4,1
TVkU2gHhe05v_lgsE_NccA,_IQ9VXQ8WsyLmhw6HkGTHA,3,12
Y3PQ5P_R7jcgiIS_1dIv-w,2hHtmzmY4glqGYYGr2MQjQ,5,4
TaJ3hRYUW9Z82HF0qc4hFQ,Js0h2_awGBZCbz2XG3aRpw,4,5
8wlm3cO2NDcMMRRZgoiPUQ,YavRvjbLsvh4DYDJPAfJIA,4,4
gru76BjkRY6UQVcw_yAxiQ,s9n4QJcwjmKAtncXTq35fw,2,11
J4LGq7xYlHDfbfHbwbyK8Q,2OJrznHaA4Gz_KYbQnAuzQ,5,4
bNwuFetAZE98ehvBZR_TZw,XOGjtvEhPweviIvnZp66ww,5,3
mFwRTTDW0Yr-rFkTF2cFsw,2xlQ1OA8iU2V460CgS37-w,4,5
s7XIFcwZnhEUMzSZ4EiAHA,ZxXXyWTe3z9D5Z49P6C-CQ,2,6
K8uD1RsYIxc1V85sTpLaaw,8R_oemw4rNjJL6sd40O_oQ,1,11
o4G5jWyVFGbgtz0kvnxqJQ,NikjKN4c0oOJwbjW158xBQ,4,1
j6wLUT0ZXi-x0otelYIFpA,OL_dFyhAt3CVtbbS-DpgUw,4,5
CNQCdDCxGzhQGm0kwH9myw,Mv3YLMYrLpSctyamrQCdQw,5,0
j7QAx9MEmqMolj-SVnrFPw,stzbkEGleSE7K_5FriDLSg,3,8
TbhyP24zYZqZ2VJZgu1wrg,yGgpH8mY8INpGLq9arxmYg,4,5
mawgFSMJHSiY0E_2OxXo-A,ByiSWioaXbg3Ee6eKn90zg,4,5
8Cc9FbfwlwBvp__G6_SLvw,aZG9Hp8fdgzq37iuB1QTYg,4,6
kC2-U78-DwJDbzN5ZSuNdQ,RJqCxaCm06k4EW7q0uyz3A,5,3
HFItzRohDHZvcKDrM6ABZg,eqg6UyuVLwzAplUvN9UkSw,3,5
kPaqBMv4mU-N80Fzd8vU3A,3N9r9UcvEUlsEqE_yetmYg,5,12
SrF972IxsELYQ3eaWB5X4A,JfHXzulF6yIKgA22YYPedw,3,11
0tvCcnfJnSs55iB6mqPk3w,LgjI2iZlryV0bX5mwSgXEg,3,4
Kj9cFO70zZOQorN0mgeLWA,jQNvRWCrB1t66mF861F8Lw,2,5
DzyBToexbfik0zt7ppky-Q,QuKdYy_B3dUsamWWK84mlw,5,12
xW1xg1VdqQtb_9B0i80nwA,NhUUOdvvw_-VAvxdO4VhfA,2,15
frthTngbBHgSdk4j85HmEQ,y9OO_K_93YCI2p4QjrmX1Q,3,0
EFYa6Whx_Q01J9fYvfUXvA,ZgCGgauP3q8ERmxB8MJ6Hg,3,14
pQZwtvc_owssWtxDf53HaA,2Q89PhkcyT9uZnQORmqMKg,3,5
7BOLcPyH4YmXGKm4sWaYKA,vYOtdnBm-45KQiiHj8jqaw,5,4
IQhVed1IpY2Wvdae-0Pwgg,N5B7OBTyNGgwU_Y2fwNcyw,4,12
0LQSY9s-pTcIfRx3C9vB7Q,ncn2d0frqLSIFP1_DLXzow,3,14
cu1qXicABQtc0TB_8HI7Cw,9NXAnyJbamWe-_6ypOMO1w,5,3
j6Kv_wLQzZMWobLIyijX3A,4pueeOSFah1oSst6NkFCGQ,3,5
U4INQZOPSUaj8hMjLlZ3KA,ISqpesTay1t3dIuBXcf66Q,5,4
tzF-Udus2gfs5n_tfcfd6w,NBzGH18iPeou72wxBl27sQ,5,0
SRtAAM81V00MfFrqJ_q7ww,Ez1U0wMD7Wws2BPAYfW3yQ,4,10
825Ol4rTvAZnUyFMke37jA,IEJFia0wQX7UezfXsenI5g,3,4
XCsA_dhQ0Rf3dFh3RA8ogw,G2i46bMQIk1Lv9erfUhMiA,3,5
wAAjvIoCpVZpx_2S2iP43Q,kDkHOrLyYfzvIeus7GMr-g,4,12
PEN-Ttdt8r2MEk6Q5CnYbw,a33Y2e1wcCWiPdynKU5IVA,4,0
MkFySOILZ4yhADa-0tZWZw,LdIbT7-juPbdCXiCesV2gQ,4,15
ELcQDlf69kb-ihJfxZyL0A,pWffwFHO7Awb4bULH-XoDQ,4,12
zgg6477l--g13mg6JbTc_Q,G8vo5r543nQyTC24VNpBIg,2,12
eO1ZCFWJCZcETr9dfSydRg,2iTsRqUsPGRH1li1WVRvKQ,4,4
CxDOIDnH8gp9KXzpBHJYXw,E9K1wSwr-3y7TIaVaoa-9g,3,5
b73Gvjir1P0Di2FGLcxN5Q,ZLhUJiLCk4WtHRzXS-nF0A,3,1
PMzMA8lz3TSQGnSSxbg3yA,3s8PNggIbgeSsjqM6HKOCg,4,4
9bvlW5Gos1kxzvcM3c-12w,0HrrkOIPLPByNe5pM9Uayw,3,8
1TkFY3Z_g62uZ6xNhAhXoQ,szGbmw_vq3kVU4SfK1x6Sw,4,9
o68A_3bAJTge-ioGXHdxKA,Ms_el67lrNsKBmdEXVxl6Q,5,4
ppFpfZrXDozAX3JJB6zhTA,eRTQovFt230lUvOWmOvYdQ,4,3
TSau-zVexrB0dVxm73f0Yg,LfkWB935g5qRAgag4jcv7w,2,4
W4SVZz55F8_9vWoau1iWDQ,P7pxQFqr7yBKMMI2J51udw,3,4
QfCfgc5PyNVwd_DgPzmeuA,5aiXnA_xSCGAQIzA1Ad0rQ,4,5
5iRCT4uAsyP1UoEUoxbylA,4a3mCRiHrdgoGJBJTUMB6Q,4,0
lOZKlSyQa-jSv4HZ66okGg,miH3L0TYtQ2gQaC6RaQwIA,3,0
IYJQXv-KtGjxO6ehyET0LQ,D88CTD2UrsSTsrDDuL04_A,5,10
ai6q_8isGNZtZosCC422OQ,f-7sTbx8u7c9t1-r_Fdoow,5,1
Ilh0uB5fvctsqNkYt--gMA,N5B7OBTyNGgwU_Y2fwNcyw,4,12
ByYHOTBYGKWK06lJoHzy_w,YJ_nOxPvADRDVRpNi3WSCw,4,12
cp-rWPVqlGyuroPKoBefYQ,4uMAsbmiYC3O6BfsMJJTJQ,4,14
81oHDSsk-VRJm-Bnn_ex1A,NZ8qnZIuqx6bWKn3yQuApw,5,5
oRtFHQya_MgpWjlLIRjM1w,QJB0dqY_muOS8xCQd1SyvQ,4,8
7YazTTuWmUOp2dEvSqLEuQ,2Cs9bSN-fMnY3H-0pFP1mg,1,4
FTNaQZ3t0dsVWw1WZUQGFg,HnGtPQ_jNQTnaIUmYEhX0g,1,15
0J9mtVJ4_QGsXYVK8qJzOQ,2tcLEbgc_8FSjGtyUQu_Xw,3,5
lyfYBqtDGJJ1c98pfLUcLQ,-GZzl9k8oEH5dJDGFFbFQw,5,4
GIupQf3nYTPuHkMfEUEm5Q,rabwxNMs47smKp54CE3e8w,5,8
hkSiQAfl6w3882JJQzRTlQ,g8OnV26ywJlZpezdBnOWUQ,5,4
viMEMVXQExcexc7ctpRdCA,9gNko6cFCMZbvy1zhJ7-Xg,4,9
oun0mYYfNFFcTZLD3R-rmQ,GX4C0SDgzuywFbO2W_g1ow,2,11
8AwcaBJjiMpQ__FPxktwwQ,MSXEXHQ4wtTFgOtzD8pmWg,4,9
BnLFYUzUnPYgDhazfQua-w,svgSgTCLdptW4WjS0xTgmg,5,7
Wfa-VA7CUcRfQp6-206rGA,IYO3ngRTiHyvVyMdzyb26A,5,5
o5NYaP_RA7Eq0juF7tuwgg,GqlcI-T5pK17Q932PimsAg,1,12
zIOxNinC6ofIwwGjO9rUWg,QWx2bRDU9ApVZMvn1qbT_g,4,8
CZ7D2YlNQSzM92borVqUqw,RixPa_twuoiVPAVHgNIbEA,4,12
9CLeV9xLunJ6XTWuTzeJEg,ct90rEU1YlKgzW7BrfAZTw,4,5
C6LV0p8L6IfBfh1YFRkWzQ,e0JOkQYz_cnz91k6X55PLw,4,4
xXQTdJXPGOP-NUYctcQw8g,7gYCEhh_g_3nDzo4ofUmiQ,5,0
9w4vI3LRTA4JdJyzOxeEMw,_rA40C78qQgsFv8wFOQqgA,4,12
FO0mjWGV3Z1mBRvdxCAwPA,V_QmrlUCDeDtYrw73nUKwQ,4,0
5F_ASUSCHFf3YotkKioZ5w,QD61fmXTp476qfS0dpt2Lw,4,10
2-01LlVLrCujcL1kT2Xchw,01Ov9eDxKRY5k6ImMdiWLQ,4,4
6WfBop_XS1EgHU3F3ACqKA,1fqRRtxI7mHEXyUE80UMyQ,4,11
tWBLn4k1M7PLBtAtwAg73g,XKvxBdAY4M2OFTQs4aldhg,3,15
augJQotyLB503iq1gVJ_tg,XmgdFa3G_CZVfjtQEJMZfQ,4,5
qnbh2dQj-RaICIk-nr-B_A,3R6UGi7SU-rHc8FO2VZ29Q,5,14
dwl0NrgPtTZWT_AKJ0ezjQ,o99gqWaotoeQKe0dXin-mg,4,12
1iUQUnkzHGjiWQGNdIO38g,Jhv2fWeRptMlyi1UiCvpmw,4,0
BqAMAM9wkjUyOJzqYOHg5g,cdA3MPcoVPYLrZzhR0_rmQ,4,5
CxDOIDnH8gp9KXzpBHJYXw,08BzkGvs4Z3c-oFrk3AqTA,3,5
KzPf-MGZhw9SanuT4FHwHw,DPmZTwZuknnVPAeIGJq5SA,2,4
5U1DU7CVO7qOjimpAJm2ag,SLGqasr7KxiJWpWepzjLRA,3,5
xFACTp7nQiEcAviHzq3PIw,Fk9ygWoB4kI3EPYc7Pb3kw,5,4
YVdOHf-f4NMfkrEApEZcGQ,lhWpC9uGAyFus5BQYsyL6g,4,12
9d52DhEbJQ1w5LXaZw4nzQ,DgZ-pZUo3drzpiCDlDr9IQ,3,1
Oyvf6_sK4HwwEwDkca0vYg,p-LifAWSUFbyPW5xcdlHdw,3,4
DzCwPmHIz0KaTYGuR6gs-Q,pa5zvO_vpmVWAkHoVpWKwQ,4,0
CxDOIDnH8gp9KXzpBHJYXw,A0neyJHiOUqhKVhrURCEfA,4,8
j9AYnOtFC90VpDFbma8Q3A,DtQClnfivgyhxhj2iK6ffg,5,0
fKi8ZF3xpJJkgSusRubeMA,hRabnpJZYke-4c_Isu7mkA,3,0
4AjocDGdZNPyhBLQpxpa_Q,xxcGx-mGyGx8mTkYPHBJtA,4,4
-RCD8F7qbsLfzT3k1HtMxg,47RQzVKfSTJYCEqRj399Iw,4,5
OvZ7cVhTcJ55yb_mtUhC1Q,9MVPBYJznSCuABEOk4AVNg,3,0
NsegE9Mqm3GCQeSx0v0tYw,vhIJ91MDgUuk4Cr9Kpj1Nw,4,1
TQo2DFe6O6LWALv_awgcCQ,C1aGdueHoFXKcy-yaLoUWw,4,12
aiXFgj1oU-I3idtifgLRpA,ERDYAPWmfzW3crptSbR3AA,3,5
HmYj8wXXzzmc80DIenufuw,HIFI8zHwSuAfwkwtTpLdKA,5,5
BA9SDRZGyRcUMxTdUTVhmw,9sj2psPlhRi_SNOEvFHLDA,4,1
ocKrsIZGoVfrWUAjp1B2iw,aYyj9OdH059CoEXadmldXA,5,4
nB0G7GRthPlFljphIs43mg,L2bH6ViBF8ZiIxGAiQ55OQ,5,0
UihwIwmqO9TUfDHRXg8G2g,fDL6uGbJMZ2gnvTwB91tuA,4,1
5daHu02u5o04mm4E7cHm5g,Uob12Ft2gp4JqM73926g6Q,4,14
xVV86BToDOQGxE1gt9MMvg,Lzr34VkDJQ6l8oWq9MptAA,3,5
oWxy_YR6n2w8e9L00hxhPw,DgNjN1XFwCndjjxaKoKjZA,1,6
46TNf-5T5EcNFRJPYv_nrw,Tg_uJO-WTZk2DtOvg4nVsw,4,4
OLn8EvPsu4hNug8V5PF2jA,VxbkP5pQOlqcnYkhwbqAGA,3,4
iZE1J4HZ7CQdiL76w6vsJw,IkVeqoSjCwScLMtsjlLe-A,4,0
hFDFHO70fyENIQ1bbtYufQ,PZtY6wMyrVHNX6kfhkL7Iw,2,1
5J4uykvpVCZ3pwceIKf45g,SScFUJimsNJebOA8zYZjXg,4,11
dxjehLpGgh08vby2BksV6g,FmZl3emoVxmZVvSsU2l0aQ,4,7
Z_xbO-Iaxbx-ZRPhLJK-Ew,5fb-HMUR9CaTVuArQK2Mnw,4,0
Vzp9gtV2SgBZEOnckCAExg,TZmMsbw5TbRqv8rmKj_aGg,5,6
Ug0ujy9-jd0Oc2nk3KIotA,hvJIt-UqUBEkAZZap0XG3Q,5,6
xhlcoVm3FOKcxZ0phkdO6Q,dkn-moJIpc43tXn9_i690w,3,6
yiKkxcuQdB04PVUW7OgtNw,bc3qgRXb8mln0CGgUCTdug,2,6
5iRCT4uAsyP1UoEUoxbylA,Kk_SCyn8RW8JqeYBmnUviQ,3,0
xovKY9oB8s-NjKz_I1RpHQ,EhK37wNBtzk64S8kksL9Og,4,12
ImQcYcuEisN7zVlTKSPR_g,e0JOkQYz_cnz91k6X55PLw,5,4
lMNbGAn2HmHypSJpUsqFNw,md3DvLQyWlp3RJIFl4qnPA,2,5
JnPIjvC0cmooNDfsa9BmXg,TpOAC_4o5x_0thG0JeF_AA,3,8
Z_xbO-Iaxbx-ZRPhLJK-Ew,EOZiHOWARjYDTacWuCaY4w,5,0
TjsBbWAfwxWEXPxaLNv5SQ,FkCLuQSnGdzv4MqQWiKFlg,2,5
WANhIVSoD5oIIu2LfKx5Ig,keBXqRRumQA-A5m4K7Zq5w,5,4
_QazmMfEfX6lcpMH2Qmcjg,gqcJHVFCPeBRGnDf8bFzMw,4,4
1fNQRju9gmoCEvbPQBSo7w,iX0XUpk34WqHfUuLjPhR9g,3,5
aY9AhmeA9puPTOthGWl5pw,_7u6Cdgoo65xqUNOuRX4Ew,5,11
aQJtyvmZg3kCd-tfZ6PLeg,0ifI4JjTKcgfBSQiAnMmsQ,4,4
585WrQUWcY2m0jhCCNRHQA,4loLEemKmdkiNovUFq7glA,4,3
HgqzUOdaDrGS_NvKkSQwuw,j3ulZ7hPuRbeL8wp7k3oiQ,4,5
pD548vGs3KzOv6xYeuhlgQ,VafmYdK3YFea7B-SUYh3gg,3,3
ZsUSGU1-L1ImomLZjXxxTg,hT86CbF0p75wKqgAEbWVrA,4,4
VOUnXOlll52vwQcJK1tm8A,FIbbGwPNHxXGWSujCnCcCg,5,14
6mn-M3f75hdynz245p-fBA,bjkGcXq-mFnQohq9T2mdHQ,2,5
IY8cvV2SQuhJjKhRW68tFw,SD3ZyFR5ZjFneWpYhT6tLg,4,0
bdRS6ZRxf6CNrnULnMI1cg,jLxeBgWhLRbII2ACkgH1Sg,4,4
MPKLiZbw8Vwc9IqfvC1Xig,fW9Or49BB39HeMU0602t9A,4,8
2b7AgGJbUgBKBGH2zOzH6A,CppOcUSapx5kU2lQNt2w5w,4,0
GmmqaKNHowAvei10IWxzFg,X9cwtnvXUXmBvsZCO8yL6Q,4,3
dnUa4GdkaPG95D9gyPfBRQ,wJ-961JWdVhJXhWQf4Jlcw,1,4
rKkpHJkJ27xOwnhy_bMkvA,JszxEeeZIKqftLz2L8Wh0w,2,4
92e_B3VDY5TqxVYsKuNzKg,JfHXzulF6yIKgA22YYPedw,4,11
fcMTpwfLS9F5DWTqlp8ktQ,L4ivYHVCDpIE0SrPaCn0LA,3,0
ZsUSGU1-L1ImomLZjXxxTg,xZcy6M1gi478O0lJMcA72g,3,12
QsPm2KUEUuRpJlhuWivv8A,Gu4cksfFvDhR4yeHzJYG3g,4,5
PKEzKWv_FktMm2mGPjwd0Q,KXITXbKuE60WSUDs7NZVLQ,4,4
ffPY_bHX8vLebHu8LBEqfg,XS0wB4JnbOj_E1-4kzoLIg,1,12
VdAFcSPJgMvCAmp869X2gQ,PJvRtkjvbvWOX7srSTdeKw,3,0
2VKVhy1SwaixHCeiWglLUQ,jOUCItTE44GxlVdVvaAlrQ,3,5
0LMHrFTQtUoY42AZl1MH6g,HWTlnO67ScWmuk9fe3nhsg,3,5
r-zUIQPaHzvIyL93wQaoiQ,HE23DlZWAO_JF1VIHA60TQ,3,7
pwQ8E-hbDUJe3qtKt_IBBg,kP2wC0luve3mT5fcdrA3nQ,5,11
0-wo7wKN_Rp0Xs6cBMEDJQ,hap7yu763k60buu2cXcW2w,5,0
hulIBBzPsCaQDcoh_JgSBA,2iTsRqUsPGRH1li1WVRvKQ,4,4
bxBR0vakC_OAU-5rCYCDsw,XJN3OhXLBDa8zAqdi21FFQ,3,1
SxV1Jq7UANuSYpn42JXvOA,yy468CfwPYaPB6UDKhr3mQ,3,0
UmXzwFM2OkZHWJ5cJZlqkg,dUffgo9Lh_Vk9TLuFR5ywg,3,12
fxrQSMhHlBv6eJVRdchG9Q,g8OnV26ywJlZpezdBnOWUQ,4,4
hfoQz3eUkASnf3bs7AdbuA,DN3PkRhy5DHFPwkORim2-w,1,1
qOdmye8UQdqloVNE059PkQ,ZlPvWzmKxrp1I5ZHW8LJfA,3,5
sMhvlIPGLUlRA7QsWlqBOg,acjRuOPMsZtoPbvuADvVNg,3,5
pd5wESpR6iRz3JVWtP3uEw,FhidBdaFRAAnUADoZthx8w,4,3
VMKn920nDRBFNwp-IUE5VA,x2LI9KpVZ40CHILZ3473Ng,3,5
YZtT78f32jBlkpZRBQ_Hig,8RyI8gCugX2McA5_F8xUXQ,4,0
3CMiTAhq_o_GP1tLs-ihbg,A0X1baHPgw9IiBRivu0G9g,5,4
_ijx1PqANQVFLGNWCibdig,nvEMLcfkhx_Eo6wDvFsLPQ,2,4
igcnVpgAYC2EMP0sXZmuTQ,ZWq8Fq13JPDAqt7rPjSwcQ,4,2
HzEtbh5KYzfeW_MTVnGCEA,TKQT8EhCom4WIGKb9PbKpw,4,6
_r7_WoJsyXbLKvpavzwchw,TKZLrbQghCmIxhBYfqdhSg,4,3
ZMp-I7Jm9LpnCErn9TbjiQ,_RsOY06IHufwmtys-bEzJA,5,4
TbhyP24zYZqZ2VJZgu1wrg,FKdyzqDoPvRAEYP_2TjbzQ,4,5
Qg3x9W2woWurFRW9IgNRSA,8olG8J91NG_QU92WHG5QfA,5,4
SM0Xp-MXq-afA-wZ8qkk5g,VyePFsZaEywtNNIQ-vYlnQ,2,4
5J371SHi-BsuzyOu_C840Q,c4sRmOkb3W3KgCkEffI6tA,4,5
mY3mROf28N-vY1fpR-FFUw,522GgMvOvzaKCEX6BfAtvg,4,4
hTXv-18R-ih8zJYz7wyu_g,6tl_UiTs8uqZO3iSfdMZmA,2,11
qOn1VFThKD5y5zrFEQXpGA,s1b39BK1WFRY9200fwFCmg,5,1
j9mqr1_BHBj9t_pNdiDd8g,i5-zE2mHuLqTuZRZVsJuzQ,2,5
Ry1O_KXZHGRI8g5zBR3IcQ,0SPPUasDHoQU-O9Wx1zUUw,3,6
vbq-811-_beGtp-SSQhC5Q,Mv3YLMYrLpSctyamrQCdQw,5,0
pW9LvtC-hZ0PRAOUn7aZ2A,jOBrOofUCdPHWweeEcZ5Ew,5,8
VlcasgkqiTuPi-nVT7rEtw,RMNqxIXHhFaesWCGeF26jg,5,6
cUqU7UfSaamDg0L5TIJPRg,GE4ayzlAHlTJEYnRAojZyA,3,9
5iY-NZMtjkZcAZjh-2B3dA,EtcpJ5an7Cs7fXUnQZv-jg,5,5
veeaBpjDwo-xfHSz3z3PWg,gsb62HgT3PbfMgunS8zJPQ,4,11
771OWzbzelsEeSlx8QsfsQ,Zv77o3aDuNDY0t3fCU2ebQ,4,12
u9bjjZY_83ydwgRtbVzYvQ,ZWq8Fq13JPDAqt7rPjSwcQ,4,2
fwJr8mZu9cWTplq3Cm4dqA,S6HTXcS97j173_btjN8w7Q,3,12
rJi2YPK6uj4FtE8R7OFQcA,TV5eAQn6lsXsZonsWPIMqQ,5,0
LGfDJMfXDDj93YUfrEqEhA,LunzNBjKtsYoTaDx5mbYvQ,3,0
E9vyTzC2bcH5clbze7N-vQ,BkSMZh0vR_X1Ad-cKouOyQ,4,11
6H4Zj-c7FqM9mCsXvwaEQw,YBbev1J_6ShVcPLKg1_sXg,5,4
1IJQFFK4vROUbpPZbgkdrA,iB9By3dVS6BydSUiDHxLyw,4,12
xJafm7vGSkUI5ocgYkCWkA,e3dbqeMI4k1Jl2VBCq9rNw,5,6
7SFUWbb33dOR8lmO51h3dg,FHYr8dMtHgdGedbDs29qMg,3,12
SRUM8Gf5UZBWRTdCjucQ8A,nuX3PZfkJ1rny1Hg4d1mSw,5,5
3dDeup-oG9wKFXrBkXl5YA,csp7yhSDFkjdEKKGG7n6NA,5,6
8Vp3M1kbtU6pz05QwA3iVA,CV0knwCFA-x-8jJHot6Few,5,12
3NW_sfFhRFxxmo3x4P7Dig,SgSVJWgMwFteYyz4OlHu9Q,4,4
Sn6b4vSAEwvVEw2ZsJ-cCA,1WBVqmo7tgF0z0eGf4fPhQ,5,4
bpumXJ7CDR8-Ap9HBYmgSA,OnmcyAhVYCwvqU7kTEgq4Q,2,12
Wc5L6iuvSNF5WGBlqIO8nw,HoCE5Opty4FWYoUWVbv6VA,5,8
gSLQ-2A7b_d1JmXzN5jFzw,CaJL4GYQ8Knvg2FZXRkz0w,4,5
TUPWls9n9iXFRgHVg2FNMw,U2m1WfXenwHrYxNSafBUOQ,3,5
S9v66R_6XO1M4ibgTG8yUg,CD-N5vYkLkNE6b5YfhlR7Q,4,3
8OeTLey-p-WaL9ErNEci1Q,2iTsRqUsPGRH1li1WVRvKQ,3,4
m-2OHy6aP26oefPIiiTocg,7xGMDGo3m1H40i-QNN7GXg,4,5
HikPdCQGk1mk5JsPjur7Nw,Ze6zBl0GHkxjCLZ-z9XJDw,5,5
Xb4aKpOlHkp9dmgTa__Q4g,Mj5dXTDd6AndK8b4UVTNbw,5,2
5Mujjzv-ZH6HhxT-hWCpVg,y9OO_K_93YCI2p4QjrmX1Q,4,0
gwIqbXEXijQNgdESVc07hg,8QZ1PvJu8Rp5B7oyqwBluQ,4,5
bOsE3oqfD0TSiiJSUXF02A,UAExsecsV2DeSa0cArGddQ,5,11
QlRsVCCytArycuuKSyUBLg,ct90rEU1YlKgzW7BrfAZTw,3,5
ghC0cN7g97I9JN6XYe-wmw,T-wMyzceWqPDjZG_U6czPg,5,0
X2AiYF7z32_0Oitl4aYXwg,9yRS-SNzkfmThx2JJoilwA,4,9
zpnDr3EBaVU8QPNHE3eDbg,Wn0WQtVn33vEzthdLJ_Bcw,5,4
Zqk-ye_OHeH_sS1JsdsLgg,PSUOncuqfqHulYj_fusthw,1,4
1yl8ETyRmPncCsXRivyQhQ,ArVI5W62YpMxjTL0cyz6MQ,4,5
7IZQ06zkYSCLQM4JU9kFvg,RCSuvvhuPO-hozONvzC_4A,4,6
KPY6FvT6h-r0W0HAC1Buag,9RKjjuTQYkYpGmCtfVsTZQ,4,0
vxR_YV0atFxIxfOnF9uHjQ,YIYE7Zk61McLaekLFluzTg,4,4
fhlDsyIhOROvovmYDzl5Dg,_eHg2Euw1012ClZWzZ-TXQ,4,3
tt07cfD4E29GGSJqqfvaRg,Wgx9dIK-EPS9xl62fSZlFw,2,5
DAH5NEdYiSl7Cii1_t0Ing,K3wUWHOPhAmIJ5naMVzylA,4,4
ekPcPJMNV06_73kIvlkSlg,mM5OXJAOcYArqBt3nvGl_w,5,2
JVJOfFqPmZEvkRznzF8w-w,2RUfgq0oH5QOYENT6xzO4A,3,9
owlUazXSDLaxlOV7z8181g,KfVGvpJLvR2ID2dZIlnpvw,4,4
KhD6ip17SPOusQp_jQOPiA,g8OnV26ywJlZpezdBnOWUQ,3,4
OvZ7cVhTcJ55yb_mtUhC1Q,VecnSuJm8sD83LWJ_KqAtg,4,0
jHX2qMpRIg-W32vJgi50lw,e2-0_fr8ZQw41Ia6kV7K0w,5,14
Wom5ss-owNYkxSy_j4s39A,ZgCGgauP3q8ERmxB8MJ6Hg,5,14
MXE5dJEqzzfKDLEGkHbdVA,ODTI9W7fHMKNWZ3g8VcFUg,4,9
IJUK09nIK5HL091537Jhgg,vA5QW-rVoHCaydHwOuu1rQ,5,0
eegHc8QwdJvXm2Ikef9pvg,9dz6ZYUDCqtD67LSPTLApQ,2,4
Fv0e9RIV9jw5TX3ctA1WbA,KTzBUAzUfFqvttyjWi_irw,5,4
rCWrxuRC8_pfagpchtHp6A,K2RRY67q6o1cDyDDCxtEVA,3,9
Iqd0GKA08bBtn_2gI331Lw,e28QkHbplw-Mp5VvwtBKtA,5,4
dtanlcid8_m1L49ZK1YPfw,GF6kwCxTBJ393xdIYVGskw,4,5
0H-oR66L3wV5NaRKYdzodA,AByooOWzAp2gYZi-7wJF5A,5,3
IZRUOQSuJVSr2ZOiJjbfgA,ei_JH40MX2u9EFSqX8D7xA,2,1
31cG-5CEF85YRpzoCL-5jQ,93otbGHE0s0m-lU1osvg9w,3,9
xQ8KFqaQXkf8VFUHWHUbPQ,Ysu_oPTdpbfHSONK1Gswbg,3,0
0o8HUzggoNKay9-ZMj3HqQ,4KmrrhtfnngTVFa2d5LAjg,4,4
3o8c_R-Kv5UOoXXuMEOZAw,Cfz8KAYSuZgH9RtjEERtkw,5,4
xceJT1G2Yhel3W2lRxRTDA,Oyo5CWthu2upxxaf69MfIg,5,4
RM7Spl6bORgnOwLO8SiaJg,QOlGFm6M_33fzGgQ5I-Kgg,1,4
wQY6P6-1mlRBza7PpNtCag,RJ7aBmtVrag41dTDogL65w,1,15
Q7IoE5m2heQKThuVq3SYFA,0QHOkwMc74T35Br83SDizA,5,4
bdRS6ZRxf6CNrnULnMI1cg,L877pDtfa3FyN0fcNeCdlA,5,4
nxUKTm5XpynIINQQLgcH9A,2iTsRqUsPGRH1li1WVRvKQ,4,4
unEY79t6hHECP9Yd58R1dg,8lgNW9ts-KfWUi8Akl5Zjw,4,2
CxDOIDnH8gp9KXzpBHJYXw,adaYhaXJR2TeU7UGZbJ6tQ,4,5
n86B7IkbU20AkxlFX_5aew,kOt9Ci_i8O6m_aPXN8HXLQ,3,4
ImJzPTxC6yBzLidJmTCqlQ,g8OnV26ywJlZpezdBnOWUQ,3,4
F28Vate-7UpGNEibdgerrg,_lSsSzpUa3iMK1WPnjpOBw,4,5
k6vOe0_qglL2PZlBldoKeQ,9jjC_LwaXKLZmGMzFWw4kQ,5,11
_VMGbmIeK71rQGwOBWt_Kg,2iTsRqUsPGRH1li1WVRvKQ,4,4
FkmNfbX5jgGztEoG-IRhbA,SmnAcdFGv-46sEUBba5qbQ,4,3
gOzJVkvo0vENdju_3_-mFg,522GgMvOvzaKCEX6BfAtvg,5,4
8ifOe57JHVEIzmTRt-0VuQ,NM3iiGNrwoyNKWXiRT-nKA,3,12
2VABkVdFhHGMo7wAqfofGA,Bz8iVsCAv-8t8FsQLCXFPQ,4,4
nOTl4aPC4tKHK35T3bNauQ,OlfbvyzbncsZBAMetgPSyQ,4,5
ICw4trkmmulxI-SwmY0yiQ,NlymcSxDnjtCLyGvmMoyFg,5,1
96s7M_uk_Blow-N5_j6ymQ,w_UCGMgok7N9p0XdYBx1VQ,2,9
_VTEyUzzH92X3w-IpGaXVA,0Wy4gw8krao9nGq-sHWFSQ,3,9
nhVvcPyRGLw466qHVbUjrA,0XcOq9ibk5DSXGcX1d0_rA,4,0
EHN4rgxDzw8Mn8wYMkadVQ,_mlFa4uRu3oFUXJghRHttw,4,0
FyuCXTESXWjQ_H44deA49Q,fmgGNZyZfeCU8fug5LnpjQ,3,5
rcUun0KBLWNWz05Q1StMAQ,7P0nEJgVaX6WDDae3sc9eg,2,5
-5e4VTnu_pR4Gpv3VSncaw,uArZSLlKIs9hQk9zuNK9kQ,3,6
OmBHPdD3UhTeO3UHq6kBjA,GTwQgfi8DN23D9fMURYUdw,5,5
CqkdpG2tkCPQA69umlAHsA,4b8XSgwOXuPBEyoSO0vDSw,4,0
Z128ihQea7BLPh2T9q9sKA,ciRz_po5TDsM3HEpu9GqXg,4,12
6CbNnrhmjcGLX_FM1vvVrg,7zczY8Dx0GKXYjFy0w7q-w,4,1
LTnCcTKbS-SBQlFGJ5Jm7g,yxQsedCcjJEfqhC7u8Rl0A,5,15
FjIu5bf6dPW7_V_-0Jg4kQ,wJ-961JWdVhJXhWQf4Jlcw,4,4
Eypq5gLLjCapBVVnMw_MyA,csp7yhSDFkjdEKKGG7n6NA,4,6
lqUgcd3YhOX3GjowDn_Hqg,08BzkGvs4Z3c-oFrk3AqTA,4,5
qFOy-T6HU4WxS5t_34IBaQ,8xWnU21ormprky-bCKosWQ,5,0
hSMp-3UX_raUyLGPaJWzOg,FBnMbASP1Y_kDoHRZMmtwQ,1,5
V7uS5US4oTf-S9u36HJQCQ,PZKY-3O3r0CE9cBnfsTqGg,4,9
_1U_RyYbonRFbTVPLAlWFg,r0qqCtctSUO7QvvSoRYqXg,4,15
ZzA0SBWKSRJA8y5tlszrjQ,8-IjG26VnlXLg1N-0AvHrw,3,5
8rI2CoS4ltQePbZceSOgow,AI-BYeBeXcwNedeDNLBh0A,4,0
gxj0kHOiYzDvQGCvqoTU0Q,b4a9xvX1LtwcZx6a5SiFVw,5,4
nOTl4aPC4tKHK35T3bNauQ,kkmnzRWOq9mJVpQQzgv-9w,2,5
CA2Bnb04pIIE8tVveMDdfQ,ARkNkb3EJzA42PqMC5VMbA,3,0
zk5ao2F3zJQOXRpSTpP6tA,DS1JFpefl_EiUDk4phYH4Q,3,5
xW1xg1VdqQtb_9B0i80nwA,YoCHE5mfF5EOcaMbMGNNVQ,5,5
G5hDXvDMNuQ3JQnGCKqsKA,XkQkQxePXFX9mrGHTafbug,2,5
65yB0ydGXOZ_-T6J_GbKfw,XmgdFa3G_CZVfjtQEJMZfQ,4,5
aAVaN6Zw6-cRm5nftmOVJQ,PVhrYKeCHo7Sea02pr3uYw,4,0
p_fas65QL25jqfV2tSSnQQ,C9oCPomVP0mtKa8z99E3gg,5,5
Ug0ujy9-jd0Oc2nk3KIotA,QDPUizovkVt0f4Jf3MAG9Q,5,6
cqagyVkvbBB32agnJsIhVA,-0uEqc2vw1xXtuI_r1xTNg,3,8
htiVdsiY_rBmJc65aZ3YAA,4_AJ0ur_R60kH5CYD2UKkQ,3,6
3UaPUwqam3mVT25ZV5eNpQ,SIDEsAHXrk770zP7K0spRw,3,0
HktpxyNS2B2E4tFts6Qh-g,g1Z0WVj6ab9nnObX2VRUYg,1,5
OiRnzvW40RQ6tqcgk4jv1Q,GXbag8-ubKs5qb1dMNyMTQ,2,5
mdqK00q-7PiClsb-wmzvMw,okcctjldOl0GbwCu2cG8Sw,5,14
V7uS5US4oTf-S9u36HJQCQ,gjSOLX7d8EmbMi86Me7s1g,2,9
PEN-Ttdt8r2MEk6Q5CnYbw,1OzcQwfE7CbnCQPgliOWxg,3,0
jEBySjq6tgL-_R3P7LHq0w,1BrIPwRhJHOp6yBwjoRtgg,4,4
CbmNBkKa9QKNxPiN_whFUw,93otbGHE0s0m-lU1osvg9w,4,9
bLbSNkLggFnqwNNzzq-Ijw,2hHtmzmY4glqGYYGr2MQjQ,3,4
-RhRXVW9z9fs5zzxhFfnHg,gQMAcDm8kv8ev7x2BshMwg,4,12
iDlkZO2iILS8Jwfdy7DP9A,ElDQfALiSA3kFwdUGKGwSA,3,12
uhNSFfVqC_mQeC4eVCQn1A,h5a8aJ_Pd71JzUGFA-IaAg,4,4
F8sy4L7RBF_Y-pRoHRPpFQ,fErFMr--REIq2dntgspX-g,5,4
bg-p6tWsVXmcAyODWhFBlA,h-hXxl_9f-QdTYUIx0ar8A,3,14
QF3mKFRQsz2y8JeTJ5Ibxw,b3HoOvvF7wuC7ka75TET0Q,1,4
Q8BTKVWjh5B5icEWl1PWoA,ICUCAzUZFiWkYs7iCtNCQg,4,6
0Fk19Dzi2fZ6osSMxx9Kiw,Kj8rXSpMQlFOP2iWN0fXYA,5,12
ommIYQi6Z0MmwGX0e6oV1w,Omi2IwzyhulL7sQu2v6THw,1,1
epQ-tZ2wneTGITGABqv01Q,BEpUZHL0FdBWa4egx1r2LQ,5,6
fsQ0ZRTFAu7S1DzuSltJtQ,1oULXO6_M_H50Bl5Fmp4lw,3,3
y8So_PrQm7kVPuP8YPsXHA,qB5m-TgJx_zeWKLLxKRfUA,2,7
KgM1RcHWI4Ut-s9iRuMVrg,GlKEm1HSox2sQeOjcvXrYw,3,5
VzBoi7n5pee-iLx5dc5BHA,Wwk_upRYGWLGuN2bD0MSWw,2,4
tt07cfD4E29GGSJqqfvaRg,XxXJat55Oep1BMzQ9yJJhQ,4,5
x0fzrkH2FFo0Qjz8yjkk_A,5Dt7wNmvgCQB7LuD-rOrvg,5,5
UlDSb1B22ON7WXcY3JbmNQ,-W1bYeAk18xShlb6_Yb2Ig,2,5
6Q6K4v6U5i0UC1IzXmGTpw,1BrIPwRhJHOp6yBwjoRtgg,5,4
Eo7w1gEn0tZu3Mgt3i9mhg,nCAqeub9ERwzSoQwGzr1QQ,1,12
j8fbMLXV1XvnoznuwbG3Ow,neK2pozkAHgJulKmLSU4NQ,2,15
v6NnloVn1sOrnv4RswYA_Q,H4GlIE6tSNYeuYKolcH_2w,4,6
tz8eio3Lyf1l5uSHZAXyKA,9V2PyXye8zgPT9Kat5rN2w,1,6
mY3mROf28N-vY1fpR-FFUw,P7pxQFqr7yBKMMI2J51udw,3,4
hI-HUA-vrbZjso7N3W42vg,3Ib2IEkcd0INN0gcZj7wKg,3,6
augJQotyLB503iq1gVJ_tg,ISqpesTay1t3dIuBXcf66Q,3,4
nhVvcPyRGLw466qHVbUjrA,nTjL4GdoU9gHFFPFBndZbw,4,0
KfsS3nxwuAYeTWgVPLm12Q,MqJ-0g-2ltYsqga8zRSFQQ,3,5
hYnq9-wO-RzmiTTGMCNJgA,0u1Jd80kgwOacJ7BBcCksg,3,5
WVTxk0-DxPKJ7TckvUx_dA,5B8dlAoL59SjTft330E9cw,5,5
s85sNAMlsrI0xCRvfj7Jrw,Ysu_oPTdpbfHSONK1Gswbg,3,0
lEw2VL9JCDFk3R5NzahqnA,K8bHTdwfJ0G03mnlOTJv3A,5,14
ukkRTJLkQTx95fCalVn6BA,3_QNAH8yVzY0sBPftWyNhQ,4,4
fr0Nen1J499HvNml3_6OYA,S6HTXcS97j173_btjN8w7Q,4,12
tg4YtJdtO0RDskJEjcBvNA,4cTawmoz0rrw3cl1fJd6eQ,4,11
fNLg_HsUFyK4hQIYa4yecg,irDgKDkvrma1jFN_mRgQ_g,5,4
JBqXlYFL1Nnj3tXYTwAc9A,4loLEemKmdkiNovUFq7glA,5,3
CxDOIDnH8gp9KXzpBHJYXw,SmYGe2qXVsP8zXjhwJkNBw,2,5
O3pSxv1SyHpY4qi4Q16KzA,DPsbhgdHty--Jegj_yNaUQ,2,5
-tdsrQ3QIkGmmP2n6-DTeg,NDuUMJfrWk52RA-H-OtrpA,2,5
hUTnmW9QkmnjzQlpcV-4Ew,7ZBh-3wWVQ5zkd6KZytW0g,2,5
UZ-jh-H84fdCt4R2Xugz0Q,gG9z6zr_49LocyCTvSFg0w,5,6
PQq5JGWvr0u_IKDXZyDAgA,B7B5q1zl4Mk-i0LY8-tjaQ,2,0
Bveyuu-GqeQMf8ereY2I2g,A40rICFGj7b7OU4beaUYjw,4,8
UTr4PU6YlsaywlAR1afdlg,Cl1GJCj28jn5Q6Z3oLOSoA,3,0
9RGIvzCGHp8ELF_JgAlbZA,1cjrgvTeGySttZfZIxPzMQ,5,0
7XtjpwvWhYd08c6qF-YyAA,AvaSL1ME0czC-ieNWWK3-g,5,4
pe_AO6qMofKWm2t0nrcQzQ,wp6mYtftUQASEJcBXp2nVw,5,4
85AHc3S_dN0PBQCAAhvI2Q,cBEhltdVH1sFqHhErl25ug,3,3
YfvMjY-G6y86Ov2tS5Txww,0AETdavJrJ1G113aoJqCig,3,11
d110oa9YDqM4tCaWNKM3fw,pa3RHb7j5zHa_dtM-HP22A,4,3
mY7AWgtA90KQXxKhFAhC5g,WECxgtrf9dyplOB4Iur9iA,4,0
9RGIvzCGHp8ELF_JgAlbZA,hK7JWGWf7p800LtJnZMt1A,3,0
fxrQSMhHlBv6eJVRdchG9Q,dHVeXpn7WfEd6WW5TSK9EQ,4,4
bduV2PTTGWKIIcPX6gjPrw,5Nr1rkaTmyWqBAsil5CLDg,3,6
t6PMBBnLaEaikAiuaNCoVQ,01fuY2NNscttoTxOYbuZXw,4,6
I6bmF5reohuwlJZYXUa-mA,QPQURPon-Pk8bEJHSGSJFQ,1,4
hutJzKEYHuVq6CP-XSARgg,_xAi9FL7Zq7kKkJVPfDgxA,5,0
tx7RTGrlLKBG9c93lnio5Q,JRWMwbkh8cPPyiSUaCqtUg,4,14
NeJLklFT4Ohig0uW9719bw,7zczY8Dx0GKXYjFy0w7q-w,2,1
9nUtGoOnZMPlZdUQV_aqTA,0TzWi6YK90-NU6_q46HXBw,4,0
5xP5P-pt3bntk3XZbp2avA,6zu6Dh4ut7iRb6Oyo9j6yA,4,8
VnlUnPrfae-fbqDoXuvDbw,Jzc4lKBUUNo_DD-9aQJsbQ,4,14
WC1m2B-bXg1g57AyvzAL-Q,w4y-Sx_PJpP6sCfK7obuRQ,2,8
-RCD8F7qbsLfzT3k1HtMxg,6t83_2zS0GtjKavRGGydLg,4,5
r-zUIQPaHzvIyL93wQaoiQ,PXWXarF6TBRSUzufpn_jzQ,4,6
Yej5B4nd8PqpHMQcmCTDrg,3TxhQKVNLKqRKITPrZQlGg,2,1
xzXy6D8FhnpWD9SG9fqxKg,Lzr34VkDJQ6l8oWq9MptAA,5,5
dPPl-75Koa748WjmYzmPkA,K19Mv4i_HrQEmXto9wb2hQ,3,6
UedTLWb7nCVJHiZkuBs2iQ,4K5NUsinIgtq-yuxdp2HdA,1,1
jnB_saJqNfOmVoCWquhAzg,Jwbt-m75VXM_pZMpVJRMmA,4,15
HEvyblFw4I-UsMqgPGYY_Q,RtcVbq18T0vNODpGwHzcVQ,4,4
2oTG2GrBpikkonRxQywI7Q,Kw4SwD6FUB_Nm5qoi_as8g,1,9
fkMiipV4j_DG5nSoBnZvbg,Cw4CAZ3t7X1S-0svpc4YWQ,4,5
ERwaNWsxqKOH8k4PZRcnWg,NlymcSxDnjtCLyGvmMoyFg,5,1
WVrpB67n_U0isDyY4T2Q7A,f7A3PNSe0CUnddvlBmXSAg,4,3
p_azadim_uWFOXAhhKB3ag,6Wvn57wjSrVX7gJM37CIZw,2,4
bhmJrMRVc2sbk8XP00ravw,5zDP3Y2hdh6GJL9DVbQ2KA,2,4
hFZTG9R-u6HhqwUv1aM3XQ,S6HTXcS97j173_btjN8w7Q,4,12
77lef7kKkoOVupY-7AmieQ,GXdnO7m8X4tjVl7MXHgN4g,3,4
HJj82f-csBI7jjgenwqhvw,PhGpWmiHPlgCjQNb6qYZYA,5,4
nnfbZsY3Z_wTGg3ZC94E_A,qgEKyJfuL5LBA6D3V9nR9g,4,5
LnnYSUlw_MVdtoYUt4oZ5g,cKgUCzMGuRgkbKXUsgeXUw,4,11
6mbsJ3BKdSBBj8-RCPkSpw,EsMCmPem7He-xS0z4cLLIw,3,0
BYHm-dCBHRtiUDgOfFgLhw,3R6UGi7SU-rHc8FO2VZ29Q,2,14
KkNe4YQgMDXQ6-pkAkSiPg,IWNPEvd3o6GHi60MxnPCVQ,5,0
t1iQ7_HCRUGBx0wokIy1Jw,92jXAc6p6cd-fJGpAp_hrw,5,1
7Oe6ikklTjVBbEFw9emLcA,YIYE7Zk61McLaekLFluzTg,4,4
4UQfst9jve4GCSfWpWn2uA,5LKYxGD0Mb4JgrfXiUVsqw,2,0
hpOJQWalhWC8Lp2tETE1dw,0MVFN6z4GyPgFpGjJY-sew,4,0
DYqujEDnSMgwL7sFTRSv8w,2GgIOrC_au9gAMU89DNT8w,3,9
gwIqbXEXijQNgdESVc07hg,23Dg53bT4WIJDK26WPR7vQ,4,5
BI4jBJVto2tEQ0NiaR0rNQ,XdF0xL7BCsI4sEhYpD7SBQ,5,4
bp0DYP961CjESSE-dd3fTQ,Fv3HvJPQYqfmniTgtIQJzA,4,1
l-tDF960t9BakjyH34XfTA,Gija3u7SaXAr3ittymiZ4A,3,6
p_azadim_uWFOXAhhKB3ag,Fv3HvJPQYqfmniTgtIQJzA,4,1
0BBUmH7Krcax1RZgbH4fSA,4RgQVYMOhlTwQ-_xmQB9mQ,4,5
AQxmbuDiToMv2WYtq4Mfdw,P7pxQFqr7yBKMMI2J51udw,3,4
EzOF8RLzbcsA9EwMYlUfsg,gQMAcDm8kv8ev7x2BshMwg,3,12
40m0541Z_KexYkdvvqHJIQ,kZjVcJ92NOcdFgvfwBFlqA,4,4
dHxvSPU6PZqX1LQRXajGDQ,53GguDU6v46zPJTL3CZl5g,5,5
KtIh1kjkVESCqd2CCsQnhA,bWJdRgTROygw8qX1oVfx9A,3,4
lhWPrEBzorygXA4TpimQ3g,XVDR44P_74FmA0ANanm4CQ,4,6
U2mvQs4GS3FMgMwUqCHhDA,8R_oemw4rNjJL6sd40O_oQ,2,11
X2uF3C3YBD24xcgKA104Sw,TU2ZbpWu7sbZvNyCo6S9kw,3,0
xymN6nkSGPL4A2D3C2DuaQ,8olG8J91NG_QU92WHG5QfA,5,4
sMhvlIPGLUlRA7QsWlqBOg,skjXX8qzEMeZ5Jgj6SpxoQ,3,5
whqfWVBj4x5EDboIVDOymQ,BsiY8Zv947pCDh8L-R92OA,1,6
6Af3nOBt9pPJd5E-ymnspg,knJh7agyWMdPyndI9dURjw,2,14
23y0Nv9FFWn_3UWudpnFMA,jOUCItTE44GxlVdVvaAlrQ,2,5
gF37cxBOnIi3ZoC6FKmu-Q,PUe3Oz-VAPMXbu_zQ51dYQ,2,10
fVYJGPWqv_bFqi01JALVeQ,OD71MBxh6lhoPx09zcepng,3,4
apeOl8XYQqnvoee7S2pHlQ,JJcp5T5WQW3Z7zHPvsM9Yg,4,1
nOr3_aq60yivqgcso_iDMw,yKw8QhmHWzVjg1tU4anbeA,2,14
HXv7eS-jw4fTVC42HSl0Qw,dUffgo9Lh_Vk9TLuFR5ywg,2,12
NgSpXzlEm4soUWQbqykUzw,6CmrVgQVGozVwcOK6-KgNA,3,5
FH1zzokLaW3C7meH7HQF9A,IHCaTeKF5-qul1V8IZ834g,5,15
_KOBxT5bQdVha0ics2GRfw,bCD3cSKBmFYh5pHTZHGLng,2,12
ewLhZnUA3QfedKtvJzCVEw,S6HTXcS97j173_btjN8w7Q,4,12
oPVY6-CJt2EI335lKWwxmg,JQSf-KTlbTfnkaR1-LFnJg,5,5
0rDG0uZHpqxJbdu-FJ3IgA,IvSzF1r0hhTwGS1LGecGmA,4,5
8f8f9pTEJ6pGK-3qOSU-QA,8Sqd1E8Jhjt3pbsoyOZ4dQ,2,5
orh0HRUNCWuQMt9Iia_osg,0tAbgK3TT6bNHtT4KOHZCQ,5,5
Q7h9I9Vam0B00SPFc0aQCg,nTjL4GdoU9gHFFPFBndZbw,5,0
VdAFcSPJgMvCAmp869X2gQ,9-qugDV8UTAUfN8FEqCNBA,4,0
nBenF2ly5Ig285-9u_1EXA,vYOtdnBm-45KQiiHj8jqaw,5,4
YRcaNlwQ6XXPFDXWtuMGdA,JmWECWlvcoxWvbnMEzTmmQ,4,5
8okt1nl-g2RL3ylWoqj4tA,a76SwwCXPZ7sIy3FkX-rxw,3,6
QJ9ILC6jOytB2rk8Z0e6FA,PlTdQdCWu2_hjbSuenB3pg,4,12
VkOrDn_QYoq0x5E1OuqarA,Q_C8N3fIWguL9A66d1JpGA,5,0
TBld0yjxnopCz_faRFIuxA,7ZbjK_dmojrxoY-CBeHPeA,5,7
5RMrBxjIIvdTBl5prcAzvQ,RHO331ipxuIYqvmn__Sxwg,3,11
DRVEe9OZqBox9iWgFyB8SA,aTvzqD5Kot4vp3vOnDyrTw,4,5
k5qv7cG89Rpup6wyD0g7GA,lNfuEUg8nxVG6RctMV5Qcg,1,5
RFXcKWIaGsqFWK6WJbkl4g,be4Abx9_-QGgjgYHNTW8dw,4,14
5L6jkxWlbBO3YWP6kQ2VrQ,3num8fBJ9Z0T_HfshUNcrA,1,5
SJHZlBsy0GF_HYRN7wG-6A,E8AkdN9Adb_yRKLFiiSBFg,4,0
NeYPCyHw0Tp67N1ebDCnjw,I1tx1SomTfGXCtByoSPB_A,5,0
clcemNTSlJs3O7iv_Q7BFw,QIvn4fWw2bE53kgePK7oEQ,4,0
Z_xbO-Iaxbx-ZRPhLJK-Ew,HV63uIMuUEcta9uMpJgMgw,4,0
sfd4dBlBZub_h8zLKcObfQ,8iRfD5IizYki0F8QlAlL2g,3,7
FOoN3DJzDUnl4EAQaTJIGg,JyxHvtj-syke7m9rbza7mA,3,4
j6wLUT0ZXi-x0otelYIFpA,ATqO2OqqeZnctPD3JlkPhA,3,5
Oxe8DXjBOi6C-cR2w64zOg,8k62wYhDVq1-652YbJi5eg,5,5
QUdU2Vkw_HSEiX9hNmbMVA,L0tHma22UzvScPJsxy39Fw,2,3
Txkfkx_hp3MzejA5T1WyJQ,jHMQDeI-DwVl3Rth9ycxdw,3,9
sEx1Ua3yNjxBdJ_vJ9amfA,y5fwt6pAKnvYOSn-xOUepA,3,4
RRdVT5xK4Ov5h8xRCcVoFQ,zhc2S7yhYfbKTM-c08E1bA,5,8
no2kFt4TEEzZDVaM8haSDA,I2LcbNXGsMb6zxh4-gmVHw,4,12
813Mk9m0pONGxCMgDKbMPA,Yk2joR70TwHAdI0FnukFog,3,3
lstlOQgPI-HEmvf85yAA5A,_xAbfp_lpNuoEOhswrK75g,3,5
TOexoXiiTWyhJ76UfJ1J5w,KCIVWrtbeIlLpzRJWxJz4g,2,5
bLbSNkLggFnqwNNzzq-Ijw,6gk6ylpxIFKy5LXkcVZExw,3,4
utRlrauZEOF_2kASsIoJ7A,LEjqerdPMbuPvvFxgGnJwA,4,0
x_Men2agHTy6ao9YGFQv-A,HYKTKG3X7jtLe6elxp63JQ,5,4
tljzmOcKvH7P9omKOVKPRA,7kfr30RmiJVddHARczyJYg,3,12
_MfYDCxHmMIQtrIIUBPW5Q,lGTZWahMoXRpGoftnt-T0w,1,5
IY8cvV2SQuhJjKhRW68tFw,J6n-P8InsDe8dGf5TC1bXw,4,0
cN0xt715PJyJEE7eddxp_Q,Kg_BVi5x9MIbOdbu1kWOKA,3,3
V7uS5US4oTf-S9u36HJQCQ,K2RRY67q6o1cDyDDCxtEVA,3,9
WeVkkF5L39888IPPlRhNpg,UJ3mHW1l6oLV-Ic2I7Vjrw,4,15
9RGIvzCGHp8ELF_JgAlbZA,OcWJL3Hg_vTu4o59tEME3A,4,0
BMmtD4a2uTyFxDJ2qHUbSw,1cbWbpnvNrcRtgru-cQqyA,3,5
YVdOHf-f4NMfkrEApEZcGQ,QiY_HMcR2fwp50roU2FIcQ,3,12
uTRWF_Hd-Sbc164ixIP8ng,L9UwuXedocb5rv36qkmLeQ,3,0
i8hCMZN-0bHENsHZKHpC-g,CfXtRZ6YIdG5SFzrdGRRtw,4,14
BEE2u5krVuRG7kaAfx4cMw,3_QNAH8yVzY0sBPftWyNhQ,2,4
jVvKhFgCTW0PgkMbiCkp3A,AzZldizu_tF9plrxsj0JGQ,5,11
BGzavA_ddMr-jGmhArv7fg,S3fjIzV5VBEnmHdy3P6QTg,4,15
plpguNfzyUu4Sw5qGwG55w,5g0owkWApl_rgDl7D98Xow,4,9
aRzBh8fCzIRpMwijyN4sLw,HrppuvgMdHCCWw6UObirrA,4,14
5iRCT4uAsyP1UoEUoxbylA,hup7H9hQlF6gYvfTfsKqBw,4,0
-vjSUjoYYROCHImyLenDNA,hrhtWc8UcoZqYr2d7YPgEA,3,4
KgJdBWS3ReP6TVhYWJRKmg,A-w4hdIYHJ7W6E8p7dxabA,3,5
E9vyTzC2bcH5clbze7N-vQ,XDT1xHZBtcFBjGtuTTJLnw,3,11
Yl7OYdHuYmr7K-IW9_ayng,sTFJOX_dYpbyrBe4LxRnbg,4,5
_6Zg4ukwS0kst9UtkfVw3w,2tcLEbgc_8FSjGtyUQu_Xw,5,5
Gv_-mtOKhWFtCjn9xFe0SQ,YZyyG21xcwPQLqYh8pI-Ow,3,4
xymN6nkSGPL4A2D3C2DuaQ,SwAZBCyFtVo_8vkRbJhdkA,2,4
ILe3tzgnbGSaZfpArtJdjA,W2w5rjAd9aWdxs1ImUPgRQ,2,8
0GUEuLJVeBVmYJxvkxIPwQ,oGch72cBveg2lckZE7yN7A,1,5
bxBR0vakC_OAU-5rCYCDsw,s1b39BK1WFRY9200fwFCmg,3,1
U-TB3j6X8DU6_YiCCnbuFw,AzYkEcENi7I1DsR2iushEg,4,11
W5iGpA5vgaWRyt4nY4cYBQ,hrhtWc8UcoZqYr2d7YPgEA,3,4
CDvhiRiczAq0M5pktyiyog,YavRvjbLsvh4DYDJPAfJIA,3,4
Gv7Cmnkyv2v8kTMD8clMww,ZcJGA1DV_3DLjArR-qDAMg,5,9
kR5p8iCMlGm-ld-uq0FrwQ,rBQ-xYc0GFAV2hqYKTQe6w,2,1
wvB9Rzn3BHzUUMUzLL4u2w,Trbt0Ex85yvwT8DHoEFCvg,4,4
HA4KqFmrY7gzBXzAhmS2bg,0CI9YrUu4ys2MJuViJEUbQ,4,5
qpcEm7kP20JGc0yreXmeTg,VNOosvcE6HN_dqSTqRicXQ,2,9
DyI7EXNLdY_hZgdx6f9zVw,O6BhCUuMA6sp0N24oEIjfw,5,13
MWpLsv5mSSHhoX3T-QSMXw,61qDFkNrHKzyA9n3dlgcEw,4,4
wa40Yx8wrZfiRqTgZsdd0g,0XoTT540HMB_5q4Exj8yGA,5,4
FNzUPfOlEP_zVn6JsLDR_A,Yk2joR70TwHAdI0FnukFog,5,3
QJI9OSEn6ujRCtrX06vs1w,--ab39IjZR_xUf81WyTyHg,4,1
ouI1xciHLEMSriQUK95nlQ,pdfQ8bmqlc_KUTImWkcXaw,2,14
1kNsEAhGU8d8xugMuXJGFA,aN_ujh7ToZ0z0Vrux7piDg,4,5
PknZ4ckea5_M5Q1_Z2LXVQ,ffUMyqLvDLcsed5p_7wy5A,4,7
I2K4dZgIyrfvgp63fyjs2A,R_9PIy-iFsZOU52S8TTK_g,3,5
CqkdpG2tkCPQA69umlAHsA,786NC4ryoYOHP3axIRTJtQ,4,0
62GNFh5FySkA3MbrQmnqvg,0AZxOngoHwqesiY6RSf5tQ,4,6
qQxRRzTT0U75A3mTVRh8xw,JeY7qm3p-K5ZhF0dPbSQwA,5,9
6pzA8EDhHgW3A5-rBObhBA,beuVp5CZxCdNvQIIPBS2rw,4,4
fAfGwjh5A_ydd0A4ZdGenw,ZtkplJBLUa4PmZh_noUHEQ,2,5
up-mcezRNykPU1RvfNFt0w,RU4-CoRiOE4sD99G1w1_Ug,4,6
EE9txZm_zUFqWeYGVGaFNg,-nKIDHXa5H23rq8d6KGT_Q,4,4
Bf-X9oxiiRvzgrwguUWoeg,1UILKXaF_iSDxjDZ4rBczA,1,5
SOLGDDEYDcdCaOX2gd4HVw,MLyDupR1LNSyQtmsks0JFA,5,3
TvVl0npJ4HaAAUN165FjOA,0B_aEPeZjrXs6T7vS3arrA,1,11
yfXqZkU5iXE07GSHzdsQBA,a9BXhixvOXSqdflwtngieA,4,0
mXMVfThnmi6dnKq9NlC2ug,vx2T3IspTj6Opxjn95xWRA,3,5
tGYPA6kmF8rdXf95tSMcYA,B1sevFEjgsKPvkTz10ESJw,3,6
bxcKdziLJgpVagCyfeQl4g,mVFHlgA3DAXh6FcO4nI6aA,5,3
1os1G8EVWUOQ4byfMMy-dQ,-AqHQuD1JQBz4lUp2JRhvg,5,2
Njp_E7CAYk-lpU2U_U6Rrw,MLyDupR1LNSyQtmsks0JFA,2,3
-EPd9FW8Qil1ILqPwenonQ,dwehZNFdzIMvOAKK7PsZqg,4,4
ptj5uhi0bNaUotgEmaRzrA,4owK2zpqI7qQ774DSNTkjQ,4,0
-9SoHrhiiUVmx6-MkyR4RA,53GguDU6v46zPJTL3CZl5g,4,5
Ew2y3jL11uooMQxSwwL6tw,2iTsRqUsPGRH1li1WVRvKQ,5,4
s85sNAMlsrI0xCRvfj7Jrw,0KkfWYIrNwCsNRWTM1JCJg,4,0
VJdemYua1fU6JaDH5Jbu0g,-yyLLT-q3ulEjf5ntemUGA,4,5
TzVKYaAERWxUrhVMJh4XlA,GA5i1NErQv26_eM0OzPtMA,5,3
2EuPAGalYnP7eSxPgFCNDg,7SBtCKKeHbdB6-dIIkcZXw,4,4
cty-VP-wvpUbsa-nPGc1CA,mJHoOJH10A-cjtRdQCV6ow,3,12
4_x6qrBcYNhXwWm9UZBUOg,g8OnV26ywJlZpezdBnOWUQ,4,4
rHgT6lBbZ2PaHt0UWfTMtw,7nv7W2ZaY8BJ9KZ-xF5vYQ,5,4
7dnh9OrD8LekBwvachGH5Q,P-EL0Hepmd4aU-hxHygI3w,3,4
O7IwqUaRknw77WXz6SAtCw,VPzCINYHQ8Wyr1XLESz2kw,4,3
TbhyP24zYZqZ2VJZgu1wrg,XR3B1OS2p9tCaRIK-LtULg,3,5
wzuPUApBPbBXOQuKmSfh6g,Z2sf4YFtB_bCyDlqJIXJew,5,5
khyig4aF00tZsTYw4F4GLg,HO5WgwBBOpgQ2bCbSxTHzA,2,4
a9m3FLUiZ3PcAY35yVP_ng,MzEzQLdcHcASsYVZ57UY8A,4,14
XKnmUXE_alg4SOl3UaZaNA,bO4a6xSIQfm7-Il7mrsSxA,1,11
OK4Y9SOcTgzeTU4h-pVfhA,HX0QhTVWztcawNof0KUhgQ,4,5
viwKpVVaOhWur77Sh4L4cw,hrhtWc8UcoZqYr2d7YPgEA,2,4
TVkU2gHhe05v_lgsE_NccA,GqQ24iVzs_ThB5OD_Q_qig,3,12
o0WGr8L3BWfH2Bslpnqw6g,YEzXPCa-LdYnjitTvPGlhQ,3,0
fcMTpwfLS9F5DWTqlp8ktQ,XDiSzQa-3WVODgF23pFAFQ,3,0
uop7sZaxJEQInWQTrQCplA,0cQGN9fEjfwvlkcmadF3jw,4,0
KQm9OgdujLZiMRTksmj83w,A0X1baHPgw9IiBRivu0G9g,4,4
cdpO0F0kGP07FVCRp8RBXw,IspcgPcxFqSn1Sb5ll-7ug,3,5
4wI8mTNQhiOuoQ3FxHCpFg,_3lIBvmGuRzry5FNN1WprA,1,5
lhWPrEBzorygXA4TpimQ3g,dkvGGVFSILL_kmyOYRD-NQ,4,6
HEvyblFw4I-UsMqgPGYY_Q,L877pDtfa3FyN0fcNeCdlA,2,4
jtE3XTq8fQT5GHBSgDSkCQ,VcpYP6btZ5Tb_qSLSVKHIw,1,11
o0WGr8L3BWfH2Bslpnqw6g,7Oi6eT_-h_9JlMqRsEdt3A,2,0
fBO-AauqOjPX2UBp9RgeQQ,InE6wV7onXpC0-RwHGukIg,4,9
IHM9JF1XAI8oPlrIm2bUOA,o9KcGDv2Lkbtit7mxZs8qA,2,0
nhVvcPyRGLw466qHVbUjrA,JGD5JbiNjqxKBDZnVKdlXw,3,0
kRNRlF0n4uu4EtkQE7iWww,4gHMhHd90OiRUhwOb10-EQ,4,3
kgMEBZG6rjkGeFzPaIM4MQ,3YR3V1fuYu7UEzDyTVb0lw,5,11
jwfOpCgeob0itikBIfPi2Q,dimv16yFu0JXR1n1SAqedQ,4,1
6ZC-0LfOAGwaFc5XPke74w,HD4JDFoc_htq5VYESJT8gw,4,4
kjYbPkrbgPMVUAjungJ4Aw,8hK3Kl3NJdpDTk4fu9ymTw,4,6
PKEzKWv_FktMm2mGPjwd0Q,pRmb8_tAP5y4YPt_viL07g,4,4
PkOzDmTPFemwpByYnxLIOQ,9oAPccHCF0Ke1MTDNfAfbA,5,12
rt3PC7WCgCKsoufmQJELfw,8Pt4mku0Gc-SQFpgZK7t0A,4,4
JVbqMyicxGWlEVPpyo6gpQ,-tBHYwARHA_eAp5DzOKAIg,4,5
S5dGv1vID1hoBZm2A9fK5g,YauBkH-HEx148jC0pv4Hcg,4,12
o-IP9-MSTsJpI48JnkNqIA,SBPttAVjzEnN3VE6sKiaMg,5,6
HV24bliLib6FuMW3bWBrpQ,hSNzpVnmPJLjCndBal4KFA,3,0
YE3F5cZTR_xBGZC1VdRy2g,oov10EOaEWk2euPuOSWXRg,1,0
V45BHm-VyGzEOwxFIed6Nw,NhUUOdvvw_-VAvxdO4VhfA,1,15
lhWPrEBzorygXA4TpimQ3g,WBhowE-ocZO_hR59rTlX-w,4,6
5iRCT4uAsyP1UoEUoxbylA,SD3ZyFR5ZjFneWpYhT6tLg,4,0
y2kxWCanqSRDBo50wiQE2Q,aZG9Hp8fdgzq37iuB1QTYg,3,6
zk5ao2F3zJQOXRpSTpP6tA,L6R2Op88NkoG1EGxlVvdRQ,4,5
